Date,Geography,Views
2023-11-10,AE,0
2023-11-11,AE,0
2023-11-12,AE,0
2023-11-13,AE,0
2023-11-14,AE,0
2023-11-15,AE,0
2023-11-16,AE,0
2023-11-17,AE,10
2023-11-18,AE,11
2023-11-19,AE,0
2023-11-20,AE,0
2023-11-21,AE,33
2023-11-22,AE,16
2023-11-23,AE,0
2023-11-24,AE,0
2023-11-25,AE,0
2023-11-26,AE,10
2023-11-27,AE,0
2023-11-28,AE,0
2023-11-29,AE,0
2023-11-30,AE,0
2023-12-01,AE,0
2023-12-02,AE,0
2023-12-03,AE,0
2023-12-04,AE,13
2023-12-05,AE,0
2023-12-06,AE,0
2023-12-07,AE,0
2023-11-10,AG,13
2023-11-11,AG,0
2023-11-12,AG,0
2023-11-13,AG,0
2023-11-14,AG,0
2023-11-15,AG,0
2023-11-16,AG,0
2023-11-17,AG,0
2023-11-18,AG,0
2023-11-19,AG,0
2023-11-20,AG,12
2023-11-21,AG,18
2023-11-22,AG,15
2023-11-23,AG,0
2023-11-24,AG,0
2023-11-25,AG,10
2023-11-26,AG,0
2023-11-27,AG,0
2023-11-28,AG,11
2023-11-29,AG,0
2023-11-30,AG,0
2023-12-01,AG,0
2023-12-02,AG,0
2023-12-03,AG,0
2023-12-04,AG,24
2023-12-05,AG,0
2023-12-06,AG,0
2023-12-07,AG,0
2023-11-10,AL,0
2023-11-11,AL,0
2023-11-12,AL,0
2023-11-13,AL,0
2023-11-14,AL,0
2023-11-15,AL,0
2023-11-16,AL,0
2023-11-17,AL,0
2023-11-18,AL,0
2023-11-19,AL,0
2023-11-20,AL,12
2023-11-21,AL,11
2023-11-22,AL,0
2023-11-23,AL,0
2023-11-24,AL,0
2023-11-25,AL,0
2023-11-26,AL,0
2023-11-27,AL,0
2023-11-28,AL,0
2023-11-29,AL,0
2023-11-30,AL,0
2023-12-01,AL,0
2023-12-02,AL,0
2023-12-03,AL,0
2023-12-04,AL,0
2023-12-05,AL,0
2023-12-06,AL,0
2023-12-07,AL,0
2023-11-10,AO,0
2023-11-11,AO,0
2023-11-12,AO,0
2023-11-13,AO,0
2023-11-14,AO,0
2023-11-15,AO,0
2023-11-16,AO,0
2023-11-17,AO,0
2023-11-18,AO,0
2023-11-19,AO,0
2023-11-20,AO,0
2023-11-21,AO,10
2023-11-22,AO,0
2023-11-23,AO,0
2023-11-24,AO,0
2023-11-25,AO,10
2023-11-26,AO,0
2023-11-27,AO,0
2023-11-28,AO,0
2023-11-29,AO,0
2023-11-30,AO,0
2023-12-01,AO,0
2023-12-02,AO,0
2023-12-03,AO,14
2023-12-04,AO,0
2023-12-05,AO,0
2023-12-06,AO,0
2023-12-07,AO,0
2023-11-10,AR,0
2023-11-11,AR,0
2023-11-12,AR,0
2023-11-13,AR,13
2023-11-14,AR,10
2023-11-15,AR,16
2023-11-16,AR,11
2023-11-17,AR,10
2023-11-18,AR,11
2023-11-19,AR,0
2023-11-20,AR,13
2023-11-21,AR,18
2023-11-22,AR,0
2023-11-23,AR,0
2023-11-24,AR,0
2023-11-25,AR,0
2023-11-26,AR,0
2023-11-27,AR,0
2023-11-28,AR,0
2023-11-29,AR,0
2023-11-30,AR,0
2023-12-01,AR,0
2023-12-02,AR,0
2023-12-03,AR,0
2023-12-04,AR,0
2023-12-05,AR,0
2023-12-06,AR,0
2023-12-07,AR,0
2023-11-10,AT,0
2023-11-11,AT,0
2023-11-12,AT,14
2023-11-13,AT,0
2023-11-14,AT,0
2023-11-15,AT,0
2023-11-16,AT,0
2023-11-17,AT,0
2023-11-18,AT,17
2023-11-19,AT,0
2023-11-20,AT,11
2023-11-21,AT,21
2023-11-22,AT,0
2023-11-23,AT,0
2023-11-24,AT,0
2023-11-25,AT,0
2023-11-26,AT,0
2023-11-27,AT,0
2023-11-28,AT,0
2023-11-29,AT,0
2023-11-30,AT,0
2023-12-01,AT,0
2023-12-02,AT,0
2023-12-03,AT,0
2023-12-04,AT,0
2023-12-05,AT,14
2023-12-06,AT,0
2023-12-07,AT,0
2023-11-10,AU,90
2023-11-11,AU,78
2023-11-12,AU,86
2023-11-13,AU,67
2023-11-14,AU,107
2023-11-15,AU,95
2023-11-16,AU,94
2023-11-17,AU,146
2023-11-18,AU,78
2023-11-19,AU,74
2023-11-20,AU,305
2023-11-21,AU,249
2023-11-22,AU,130
2023-11-23,AU,135
2023-11-24,AU,104
2023-11-25,AU,88
2023-11-26,AU,81
2023-11-27,AU,70
2023-11-28,AU,109
2023-11-29,AU,65
2023-11-30,AU,89
2023-12-01,AU,93
2023-12-02,AU,73
2023-12-03,AU,93
2023-12-04,AU,94
2023-12-05,AU,77
2023-12-06,AU,112
2023-12-07,AU,0
2023-11-10,AW,0
2023-11-11,AW,0
2023-11-12,AW,0
2023-11-13,AW,0
2023-11-14,AW,0
2023-11-15,AW,0
2023-11-16,AW,0
2023-11-17,AW,0
2023-11-18,AW,0
2023-11-19,AW,0
2023-11-20,AW,0
2023-11-21,AW,0
2023-11-22,AW,0
2023-11-23,AW,0
2023-11-24,AW,0
2023-11-25,AW,0
2023-11-26,AW,0
2023-11-27,AW,0
2023-11-28,AW,0
2023-11-29,AW,0
2023-11-30,AW,0
2023-12-01,AW,0
2023-12-02,AW,0
2023-12-03,AW,0
2023-12-04,AW,0
2023-12-05,AW,0
2023-12-06,AW,0
2023-12-07,AW,0
2023-11-10,BA,0
2023-11-11,BA,0
2023-11-12,BA,0
2023-11-13,BA,0
2023-11-14,BA,0
2023-11-15,BA,0
2023-11-16,BA,0
2023-11-17,BA,0
2023-11-18,BA,0
2023-11-19,BA,0
2023-11-20,BA,0
2023-11-21,BA,0
2023-11-22,BA,0
2023-11-23,BA,0
2023-11-24,BA,0
2023-11-25,BA,0
2023-11-26,BA,0
2023-11-27,BA,0
2023-11-28,BA,0
2023-11-29,BA,0
2023-11-30,BA,0
2023-12-01,BA,0
2023-12-02,BA,0
2023-12-03,BA,0
2023-12-04,BA,0
2023-12-05,BA,0
2023-12-06,BA,0
2023-12-07,BA,0
2023-11-10,BB,16
2023-11-11,BB,24
2023-11-12,BB,15
2023-11-13,BB,20
2023-11-14,BB,11
2023-11-15,BB,12
2023-11-16,BB,10
2023-11-17,BB,16
2023-11-18,BB,17
2023-11-19,BB,12
2023-11-20,BB,57
2023-11-21,BB,86
2023-11-22,BB,37
2023-11-23,BB,33
2023-11-24,BB,30
2023-11-25,BB,25
2023-11-26,BB,16
2023-11-27,BB,14
2023-11-28,BB,0
2023-11-29,BB,20
2023-11-30,BB,20
2023-12-01,BB,13
2023-12-02,BB,20
2023-12-03,BB,23
2023-12-04,BB,16
2023-12-05,BB,14
2023-12-06,BB,15
2023-12-07,BB,0
2023-11-10,BD,0
2023-11-11,BD,0
2023-11-12,BD,0
2023-11-13,BD,0
2023-11-14,BD,0
2023-11-15,BD,0
2023-11-16,BD,0
2023-11-17,BD,0
2023-11-18,BD,0
2023-11-19,BD,0
2023-11-20,BD,31
2023-11-21,BD,40
2023-11-22,BD,10
2023-11-23,BD,0
2023-11-24,BD,0
2023-11-25,BD,0
2023-11-26,BD,0
2023-11-27,BD,0
2023-11-28,BD,0
2023-11-29,BD,10
2023-11-30,BD,13
2023-12-01,BD,0
2023-12-02,BD,0
2023-12-03,BD,0
2023-12-04,BD,0
2023-12-05,BD,11
2023-12-06,BD,0
2023-12-07,BD,0
2023-11-10,BE,0
2023-11-11,BE,13
2023-11-12,BE,18
2023-11-13,BE,11
2023-11-14,BE,10
2023-11-15,BE,0
2023-11-16,BE,14
2023-11-17,BE,14
2023-11-18,BE,15
2023-11-19,BE,13
2023-11-20,BE,43
2023-11-21,BE,65
2023-11-22,BE,32
2023-11-23,BE,15
2023-11-24,BE,16
2023-11-25,BE,20
2023-11-26,BE,26
2023-11-27,BE,13
2023-11-28,BE,10
2023-11-29,BE,11
2023-11-30,BE,0
2023-12-01,BE,12
2023-12-02,BE,16
2023-12-03,BE,10
2023-12-04,BE,10
2023-12-05,BE,0
2023-12-06,BE,17
2023-12-07,BE,0
2023-11-10,BG,0
2023-11-11,BG,0
2023-11-12,BG,0
2023-11-13,BG,0
2023-11-14,BG,0
2023-11-15,BG,0
2023-11-16,BG,10
2023-11-17,BG,0
2023-11-18,BG,0
2023-11-19,BG,0
2023-11-20,BG,28
2023-11-21,BG,29
2023-11-22,BG,0
2023-11-23,BG,0
2023-11-24,BG,0
2023-11-25,BG,14
2023-11-26,BG,0
2023-11-27,BG,0
2023-11-28,BG,10
2023-11-29,BG,0
2023-11-30,BG,0
2023-12-01,BG,0
2023-12-02,BG,0
2023-12-03,BG,0
2023-12-04,BG,0
2023-12-05,BG,0
2023-12-06,BG,0
2023-12-07,BG,0
2023-11-10,BM,0
2023-11-11,BM,0
2023-11-12,BM,0
2023-11-13,BM,0
2023-11-14,BM,0
2023-11-15,BM,0
2023-11-16,BM,0
2023-11-17,BM,0
2023-11-18,BM,0
2023-11-19,BM,0
2023-11-20,BM,0
2023-11-21,BM,0
2023-11-22,BM,0
2023-11-23,BM,0
2023-11-24,BM,0
2023-11-25,BM,0
2023-11-26,BM,0
2023-11-27,BM,0
2023-11-28,BM,0
2023-11-29,BM,0
2023-11-30,BM,0
2023-12-01,BM,0
2023-12-02,BM,0
2023-12-03,BM,0
2023-12-04,BM,0
2023-12-05,BM,0
2023-12-06,BM,0
2023-12-07,BM,0
2023-11-10,BN,0
2023-11-11,BN,0
2023-11-12,BN,0
2023-11-13,BN,0
2023-11-14,BN,0
2023-11-15,BN,0
2023-11-16,BN,0
2023-11-17,BN,0
2023-11-18,BN,0
2023-11-19,BN,0
2023-11-20,BN,11
2023-11-21,BN,0
2023-11-22,BN,0
2023-11-23,BN,0
2023-11-24,BN,0
2023-11-25,BN,0
2023-11-26,BN,0
2023-11-27,BN,0
2023-11-28,BN,0
2023-11-29,BN,0
2023-11-30,BN,0
2023-12-01,BN,0
2023-12-02,BN,0
2023-12-03,BN,0
2023-12-04,BN,0
2023-12-05,BN,0
2023-12-06,BN,0
2023-12-07,BN,0
2023-11-10,BR,24
2023-11-11,BR,34
2023-11-12,BR,14
2023-11-13,BR,34
2023-11-14,BR,63
2023-11-15,BR,32
2023-11-16,BR,41
2023-11-17,BR,47
2023-11-18,BR,47
2023-11-19,BR,24
2023-11-20,BR,155
2023-11-21,BR,133
2023-11-22,BR,37
2023-11-23,BR,41
2023-11-24,BR,39
2023-11-25,BR,37
2023-11-26,BR,34
2023-11-27,BR,24
2023-11-28,BR,39
2023-11-29,BR,43
2023-11-30,BR,38
2023-12-01,BR,31
2023-12-02,BR,19
2023-12-03,BR,26
2023-12-04,BR,34
2023-12-05,BR,31
2023-12-06,BR,23
2023-12-07,BR,0
2023-11-10,BS,18
2023-11-11,BS,44
2023-11-12,BS,38
2023-11-13,BS,25
2023-11-14,BS,35
2023-11-15,BS,13
2023-11-16,BS,25
2023-11-17,BS,26
2023-11-18,BS,16
2023-11-19,BS,19
2023-11-20,BS,118
2023-11-21,BS,91
2023-11-22,BS,59
2023-11-23,BS,25
2023-11-24,BS,24
2023-11-25,BS,32
2023-11-26,BS,28
2023-11-27,BS,34
2023-11-28,BS,22
2023-11-29,BS,15
2023-11-30,BS,30
2023-12-01,BS,29
2023-12-02,BS,23
2023-12-03,BS,42
2023-12-04,BS,15
2023-12-05,BS,28
2023-12-06,BS,10
2023-12-07,BS,0
2023-11-10,BW,18
2023-11-11,BW,13
2023-11-12,BW,22
2023-11-13,BW,11
2023-11-14,BW,11
2023-11-15,BW,25
2023-11-16,BW,24
2023-11-17,BW,16
2023-11-18,BW,45
2023-11-19,BW,30
2023-11-20,BW,57
2023-11-21,BW,90
2023-11-22,BW,31
2023-11-23,BW,25
2023-11-24,BW,20
2023-11-25,BW,29
2023-11-26,BW,48
2023-11-27,BW,26
2023-11-28,BW,26
2023-11-29,BW,29
2023-11-30,BW,17
2023-12-01,BW,23
2023-12-02,BW,0
2023-12-03,BW,23
2023-12-04,BW,10
2023-12-05,BW,13
2023-12-06,BW,18
2023-12-07,BW,0
2023-11-10,BZ,13
2023-11-11,BZ,18
2023-11-12,BZ,15
2023-11-13,BZ,12
2023-11-14,BZ,15
2023-11-15,BZ,0
2023-11-16,BZ,0
2023-11-17,BZ,0
2023-11-18,BZ,0
2023-11-19,BZ,0
2023-11-20,BZ,20
2023-11-21,BZ,14
2023-11-22,BZ,0
2023-11-23,BZ,12
2023-11-24,BZ,10
2023-11-25,BZ,0
2023-11-26,BZ,0
2023-11-27,BZ,0
2023-11-28,BZ,12
2023-11-29,BZ,0
2023-11-30,BZ,0
2023-12-01,BZ,0
2023-12-02,BZ,0
2023-12-03,BZ,14
2023-12-04,BZ,0
2023-12-05,BZ,0
2023-12-06,BZ,0
2023-12-07,BZ,0
2023-11-10,CA,255
2023-11-11,CA,198
2023-11-12,CA,178
2023-11-13,CA,224
2023-11-14,CA,178
2023-11-15,CA,224
2023-11-16,CA,208
2023-11-17,CA,228
2023-11-18,CA,256
2023-11-19,CA,220
2023-11-20,CA,1001
2023-11-21,CA,622
2023-11-22,CA,273
2023-11-23,CA,332
2023-11-24,CA,272
2023-11-25,CA,238
2023-11-26,CA,257
2023-11-27,CA,216
2023-11-28,CA,247
2023-11-29,CA,223
2023-11-30,CA,214
2023-12-01,CA,196
2023-12-02,CA,242
2023-12-03,CA,211
2023-12-04,CA,222
2023-12-05,CA,230
2023-12-06,CA,239
2023-12-07,CA,0
2023-11-10,CD,0
2023-11-11,CD,0
2023-11-12,CD,0
2023-11-13,CD,0
2023-11-14,CD,0
2023-11-15,CD,0
2023-11-16,CD,0
2023-11-17,CD,0
2023-11-18,CD,0
2023-11-19,CD,0
2023-11-20,CD,0
2023-11-21,CD,0
2023-11-22,CD,0
2023-11-23,CD,0
2023-11-24,CD,0
2023-11-25,CD,0
2023-11-26,CD,0
2023-11-27,CD,0
2023-11-28,CD,0
2023-11-29,CD,0
2023-11-30,CD,0
2023-12-01,CD,0
2023-12-02,CD,0
2023-12-03,CD,0
2023-12-04,CD,0
2023-12-05,CD,0
2023-12-06,CD,0
2023-12-07,CD,0
2023-11-10,CH,0
2023-11-11,CH,0
2023-11-12,CH,0
2023-11-13,CH,0
2023-11-14,CH,0
2023-11-15,CH,0
2023-11-16,CH,0
2023-11-17,CH,0
2023-11-18,CH,0
2023-11-19,CH,0
2023-11-20,CH,29
2023-11-21,CH,27
2023-11-22,CH,11
2023-11-23,CH,0
2023-11-24,CH,0
2023-11-25,CH,13
2023-11-26,CH,11
2023-11-27,CH,0
2023-11-28,CH,10
2023-11-29,CH,13
2023-11-30,CH,0
2023-12-01,CH,0
2023-12-02,CH,11
2023-12-03,CH,0
2023-12-04,CH,0
2023-12-05,CH,0
2023-12-06,CH,0
2023-12-07,CH,0
2023-11-10,CL,0
2023-11-11,CL,0
2023-11-12,CL,0
2023-11-13,CL,0
2023-11-14,CL,0
2023-11-15,CL,0
2023-11-16,CL,0
2023-11-17,CL,0
2023-11-18,CL,0
2023-11-19,CL,0
2023-11-20,CL,23
2023-11-21,CL,16
2023-11-22,CL,0
2023-11-23,CL,0
2023-11-24,CL,0
2023-11-25,CL,0
2023-11-26,CL,0
2023-11-27,CL,0
2023-11-28,CL,0
2023-11-29,CL,0
2023-11-30,CL,0
2023-12-01,CL,0
2023-12-02,CL,0
2023-12-03,CL,0
2023-12-04,CL,0
2023-12-05,CL,0
2023-12-06,CL,0
2023-12-07,CL,0
2023-11-10,CM,0
2023-11-11,CM,0
2023-11-12,CM,0
2023-11-13,CM,0
2023-11-14,CM,0
2023-11-15,CM,0
2023-11-16,CM,0
2023-11-17,CM,0
2023-11-18,CM,0
2023-11-19,CM,0
2023-11-20,CM,0
2023-11-21,CM,12
2023-11-22,CM,0
2023-11-23,CM,0
2023-11-24,CM,10
2023-11-25,CM,0
2023-11-26,CM,0
2023-11-27,CM,0
2023-11-28,CM,0
2023-11-29,CM,0
2023-11-30,CM,0
2023-12-01,CM,0
2023-12-02,CM,0
2023-12-03,CM,0
2023-12-04,CM,0
2023-12-05,CM,0
2023-12-06,CM,0
2023-12-07,CM,0
2023-11-10,CN,0
2023-11-11,CN,0
2023-11-12,CN,0
2023-11-13,CN,0
2023-11-14,CN,0
2023-11-15,CN,0
2023-11-16,CN,0
2023-11-17,CN,0
2023-11-18,CN,0
2023-11-19,CN,0
2023-11-20,CN,0
2023-11-21,CN,0
2023-11-22,CN,0
2023-11-23,CN,0
2023-11-24,CN,0
2023-11-25,CN,0
2023-11-26,CN,0
2023-11-27,CN,0
2023-11-28,CN,0
2023-11-29,CN,0
2023-11-30,CN,0
2023-12-01,CN,0
2023-12-02,CN,0
2023-12-03,CN,0
2023-12-04,CN,0
2023-12-05,CN,0
2023-12-06,CN,0
2023-12-07,CN,0
2023-11-10,CO,0
2023-11-11,CO,0
2023-11-12,CO,0
2023-11-13,CO,13
2023-11-14,CO,0
2023-11-15,CO,0
2023-11-16,CO,0
2023-11-17,CO,0
2023-11-18,CO,0
2023-11-19,CO,0
2023-11-20,CO,27
2023-11-21,CO,0
2023-11-22,CO,0
2023-11-23,CO,0
2023-11-24,CO,0
2023-11-25,CO,0
2023-11-26,CO,0
2023-11-27,CO,0
2023-11-28,CO,0
2023-11-29,CO,10
2023-11-30,CO,0
2023-12-01,CO,0
2023-12-02,CO,0
2023-12-03,CO,0
2023-12-04,CO,0
2023-12-05,CO,0
2023-12-06,CO,0
2023-12-07,CO,0
2023-11-10,CR,0
2023-11-11,CR,0
2023-11-12,CR,0
2023-11-13,CR,0
2023-11-14,CR,0
2023-11-15,CR,0
2023-11-16,CR,0
2023-11-17,CR,14
2023-11-18,CR,0
2023-11-19,CR,0
2023-11-20,CR,13
2023-11-21,CR,0
2023-11-22,CR,0
2023-11-23,CR,0
2023-11-24,CR,0
2023-11-25,CR,0
2023-11-26,CR,12
2023-11-27,CR,0
2023-11-28,CR,0
2023-11-29,CR,0
2023-11-30,CR,0
2023-12-01,CR,0
2023-12-02,CR,0
2023-12-03,CR,11
2023-12-04,CR,0
2023-12-05,CR,0
2023-12-06,CR,0
2023-12-07,CR,0
2023-11-10,CW,0
2023-11-11,CW,0
2023-11-12,CW,0
2023-11-13,CW,0
2023-11-14,CW,0
2023-11-15,CW,0
2023-11-16,CW,0
2023-11-17,CW,0
2023-11-18,CW,0
2023-11-19,CW,0
2023-11-20,CW,0
2023-11-21,CW,0
2023-11-22,CW,0
2023-11-23,CW,11
2023-11-24,CW,13
2023-11-25,CW,0
2023-11-26,CW,0
2023-11-27,CW,0
2023-11-28,CW,0
2023-11-29,CW,0
2023-11-30,CW,0
2023-12-01,CW,0
2023-12-02,CW,0
2023-12-03,CW,0
2023-12-04,CW,0
2023-12-05,CW,0
2023-12-06,CW,0
2023-12-07,CW,0
2023-11-10,CZ,0
2023-11-11,CZ,0
2023-11-12,CZ,0
2023-11-13,CZ,0
2023-11-14,CZ,0
2023-11-15,CZ,0
2023-11-16,CZ,0
2023-11-17,CZ,0
2023-11-18,CZ,0
2023-11-19,CZ,0
2023-11-20,CZ,0
2023-11-21,CZ,11
2023-11-22,CZ,0
2023-11-23,CZ,12
2023-11-24,CZ,0
2023-11-25,CZ,0
2023-11-26,CZ,0
2023-11-27,CZ,0
2023-11-28,CZ,0
2023-11-29,CZ,0
2023-11-30,CZ,0
2023-12-01,CZ,0
2023-12-02,CZ,0
2023-12-03,CZ,0
2023-12-04,CZ,0
2023-12-05,CZ,0
2023-12-06,CZ,0
2023-12-07,CZ,0
2023-11-10,DE,50
2023-11-11,DE,62
2023-11-12,DE,40
2023-11-13,DE,51
2023-11-14,DE,38
2023-11-15,DE,58
2023-11-16,DE,86
2023-11-17,DE,47
2023-11-18,DE,52
2023-11-19,DE,48
2023-11-20,DE,167
2023-11-21,DE,307
2023-11-22,DE,118
2023-11-23,DE,90
2023-11-24,DE,83
2023-11-25,DE,130
2023-11-26,DE,91
2023-11-27,DE,99
2023-11-28,DE,102
2023-11-29,DE,82
2023-11-30,DE,81
2023-12-01,DE,61
2023-12-02,DE,73
2023-12-03,DE,74
2023-12-04,DE,90
2023-12-05,DE,88
2023-12-06,DE,94
2023-12-07,DE,0
2023-11-10,DK,0
2023-11-11,DK,0
2023-11-12,DK,0
2023-11-13,DK,0
2023-11-14,DK,0
2023-11-15,DK,14
2023-11-16,DK,0
2023-11-17,DK,0
2023-11-18,DK,0
2023-11-19,DK,0
2023-11-20,DK,12
2023-11-21,DK,39
2023-11-22,DK,29
2023-11-23,DK,0
2023-11-24,DK,11
2023-11-25,DK,14
2023-11-26,DK,0
2023-11-27,DK,10
2023-11-28,DK,0
2023-11-29,DK,0
2023-11-30,DK,0
2023-12-01,DK,10
2023-12-02,DK,0
2023-12-03,DK,0
2023-12-04,DK,15
2023-12-05,DK,0
2023-12-06,DK,0
2023-12-07,DK,0
2023-11-10,DM,0
2023-11-11,DM,0
2023-11-12,DM,12
2023-11-13,DM,0
2023-11-14,DM,11
2023-11-15,DM,0
2023-11-16,DM,0
2023-11-17,DM,0
2023-11-18,DM,0
2023-11-19,DM,0
2023-11-20,DM,13
2023-11-21,DM,0
2023-11-22,DM,0
2023-11-23,DM,0
2023-11-24,DM,0
2023-11-25,DM,0
2023-11-26,DM,0
2023-11-27,DM,0
2023-11-28,DM,0
2023-11-29,DM,0
2023-11-30,DM,0
2023-12-01,DM,0
2023-12-02,DM,10
2023-12-03,DM,0
2023-12-04,DM,0
2023-12-05,DM,0
2023-12-06,DM,0
2023-12-07,DM,0
2023-11-10,DO,0
2023-11-11,DO,0
2023-11-12,DO,0
2023-11-13,DO,0
2023-11-14,DO,0
2023-11-15,DO,0
2023-11-16,DO,0
2023-11-17,DO,0
2023-11-18,DO,15
2023-11-19,DO,0
2023-11-20,DO,23
2023-11-21,DO,19
2023-11-22,DO,11
2023-11-23,DO,0
2023-11-24,DO,17
2023-11-25,DO,0
2023-11-26,DO,0
2023-11-27,DO,0
2023-11-28,DO,0
2023-11-29,DO,0
2023-11-30,DO,0
2023-12-01,DO,0
2023-12-02,DO,0
2023-12-03,DO,0
2023-12-04,DO,0
2023-12-05,DO,0
2023-12-06,DO,0
2023-12-07,DO,0
2023-11-10,DZ,0
2023-11-11,DZ,0
2023-11-12,DZ,0
2023-11-13,DZ,0
2023-11-14,DZ,0
2023-11-15,DZ,0
2023-11-16,DZ,0
2023-11-17,DZ,0
2023-11-18,DZ,0
2023-11-19,DZ,0
2023-11-20,DZ,23
2023-11-21,DZ,38
2023-11-22,DZ,10
2023-11-23,DZ,0
2023-11-24,DZ,0
2023-11-25,DZ,10
2023-11-26,DZ,0
2023-11-27,DZ,0
2023-11-28,DZ,0
2023-11-29,DZ,0
2023-11-30,DZ,0
2023-12-01,DZ,0
2023-12-02,DZ,0
2023-12-03,DZ,0
2023-12-04,DZ,0
2023-12-05,DZ,0
2023-12-06,DZ,0
2023-12-07,DZ,0
2023-11-10,EG,0
2023-11-11,EG,0
2023-11-12,EG,16
2023-11-13,EG,0
2023-11-14,EG,0
2023-11-15,EG,0
2023-11-16,EG,0
2023-11-17,EG,0
2023-11-18,EG,0
2023-11-19,EG,0
2023-11-20,EG,16
2023-11-21,EG,40
2023-11-22,EG,0
2023-11-23,EG,0
2023-11-24,EG,12
2023-11-25,EG,0
2023-11-26,EG,0
2023-11-27,EG,0
2023-11-28,EG,0
2023-11-29,EG,0
2023-11-30,EG,0
2023-12-01,EG,13
2023-12-02,EG,0
2023-12-03,EG,0
2023-12-04,EG,0
2023-12-05,EG,0
2023-12-06,EG,0
2023-12-07,EG,0
2023-11-10,ES,0
2023-11-11,ES,0
2023-11-12,ES,0
2023-11-13,ES,0
2023-11-14,ES,0
2023-11-15,ES,0
2023-11-16,ES,0
2023-11-17,ES,0
2023-11-18,ES,0
2023-11-19,ES,0
2023-11-20,ES,29
2023-11-21,ES,47
2023-11-22,ES,13
2023-11-23,ES,10
2023-11-24,ES,0
2023-11-25,ES,0
2023-11-26,ES,13
2023-11-27,ES,0
2023-11-28,ES,0
2023-11-29,ES,0
2023-11-30,ES,0
2023-12-01,ES,0
2023-12-02,ES,11
2023-12-03,ES,0
2023-12-04,ES,0
2023-12-05,ES,0
2023-12-06,ES,15
2023-12-07,ES,0
2023-11-10,ET,0
2023-11-11,ET,0
2023-11-12,ET,0
2023-11-13,ET,0
2023-11-14,ET,0
2023-11-15,ET,0
2023-11-16,ET,0
2023-11-17,ET,0
2023-11-18,ET,0
2023-11-19,ET,0
2023-11-20,ET,0
2023-11-21,ET,0
2023-11-22,ET,13
2023-11-23,ET,0
2023-11-24,ET,0
2023-11-25,ET,0
2023-11-26,ET,0
2023-11-27,ET,0
2023-11-28,ET,0
2023-11-29,ET,0
2023-11-30,ET,0
2023-12-01,ET,0
2023-12-02,ET,0
2023-12-03,ET,0
2023-12-04,ET,0
2023-12-05,ET,0
2023-12-06,ET,0
2023-12-07,ET,0
2023-11-10,FI,0
2023-11-11,FI,0
2023-11-12,FI,0
2023-11-13,FI,0
2023-11-14,FI,0
2023-11-15,FI,0
2023-11-16,FI,0
2023-11-17,FI,0
2023-11-18,FI,0
2023-11-19,FI,0
2023-11-20,FI,12
2023-11-21,FI,36
2023-11-22,FI,0
2023-11-23,FI,0
2023-11-24,FI,0
2023-11-25,FI,0
2023-11-26,FI,0
2023-11-27,FI,0
2023-11-28,FI,0
2023-11-29,FI,0
2023-11-30,FI,0
2023-12-01,FI,19
2023-12-02,FI,0
2023-12-03,FI,0
2023-12-04,FI,10
2023-12-05,FI,0
2023-12-06,FI,10
2023-12-07,FI,0
2023-11-10,FJ,0
2023-11-11,FJ,0
2023-11-12,FJ,0
2023-11-13,FJ,0
2023-11-14,FJ,0
2023-11-15,FJ,0
2023-11-16,FJ,0
2023-11-17,FJ,0
2023-11-18,FJ,0
2023-11-19,FJ,0
2023-11-20,FJ,0
2023-11-21,FJ,0
2023-11-22,FJ,0
2023-11-23,FJ,0
2023-11-24,FJ,0
2023-11-25,FJ,0
2023-11-26,FJ,0
2023-11-27,FJ,0
2023-11-28,FJ,0
2023-11-29,FJ,0
2023-11-30,FJ,0
2023-12-01,FJ,0
2023-12-02,FJ,0
2023-12-03,FJ,0
2023-12-04,FJ,0
2023-12-05,FJ,0
2023-12-06,FJ,0
2023-12-07,FJ,0
2023-11-10,FR,10
2023-11-11,FR,16
2023-11-12,FR,21
2023-11-13,FR,32
2023-11-14,FR,22
2023-11-15,FR,22
2023-11-16,FR,15
2023-11-17,FR,10
2023-11-18,FR,28
2023-11-19,FR,21
2023-11-20,FR,107
2023-11-21,FR,165
2023-11-22,FR,64
2023-11-23,FR,22
2023-11-24,FR,22
2023-11-25,FR,29
2023-11-26,FR,26
2023-11-27,FR,27
2023-11-28,FR,20
2023-11-29,FR,25
2023-11-30,FR,24
2023-12-01,FR,32
2023-12-02,FR,26
2023-12-03,FR,29
2023-12-04,FR,28
2023-12-05,FR,26
2023-12-06,FR,34
2023-12-07,FR,0
2023-11-10,GB,340
2023-11-11,GB,338
2023-11-12,GB,310
2023-11-13,GB,278
2023-11-14,GB,368
2023-11-15,GB,405
2023-11-16,GB,369
2023-11-17,GB,285
2023-11-18,GB,427
2023-11-19,GB,320
2023-11-20,GB,964
2023-11-21,GB,1192
2023-11-22,GB,472
2023-11-23,GB,478
2023-11-24,GB,397
2023-11-25,GB,452
2023-11-26,GB,384
2023-11-27,GB,450
2023-11-28,GB,389
2023-11-29,GB,299
2023-11-30,GB,335
2023-12-01,GB,320
2023-12-02,GB,370
2023-12-03,GB,367
2023-12-04,GB,330
2023-12-05,GB,317
2023-12-06,GB,340
2023-12-07,GB,0
2023-11-10,GD,0
2023-11-11,GD,0
2023-11-12,GD,11
2023-11-13,GD,0
2023-11-14,GD,0
2023-11-15,GD,0
2023-11-16,GD,0
2023-11-17,GD,0
2023-11-18,GD,0
2023-11-19,GD,0
2023-11-20,GD,29
2023-11-21,GD,16
2023-11-22,GD,0
2023-11-23,GD,0
2023-11-24,GD,0
2023-11-25,GD,0
2023-11-26,GD,11
2023-11-27,GD,0
2023-11-28,GD,0
2023-11-29,GD,0
2023-11-30,GD,14
2023-12-01,GD,0
2023-12-02,GD,13
2023-12-03,GD,0
2023-12-04,GD,0
2023-12-05,GD,0
2023-12-06,GD,0
2023-12-07,GD,0
2023-11-10,GE,0
2023-11-11,GE,0
2023-11-12,GE,0
2023-11-13,GE,10
2023-11-14,GE,0
2023-11-15,GE,0
2023-11-16,GE,0
2023-11-17,GE,0
2023-11-18,GE,0
2023-11-19,GE,0
2023-11-20,GE,0
2023-11-21,GE,16
2023-11-22,GE,0
2023-11-23,GE,0
2023-11-24,GE,0
2023-11-25,GE,0
2023-11-26,GE,0
2023-11-27,GE,0
2023-11-28,GE,0
2023-11-29,GE,0
2023-11-30,GE,0
2023-12-01,GE,0
2023-12-02,GE,0
2023-12-03,GE,0
2023-12-04,GE,0
2023-12-05,GE,0
2023-12-06,GE,0
2023-12-07,GE,0
2023-11-10,GG,0
2023-11-11,GG,0
2023-11-12,GG,0
2023-11-13,GG,13
2023-11-14,GG,0
2023-11-15,GG,10
2023-11-16,GG,0
2023-11-17,GG,0
2023-11-18,GG,0
2023-11-19,GG,0
2023-11-20,GG,0
2023-11-21,GG,0
2023-11-22,GG,0
2023-11-23,GG,0
2023-11-24,GG,0
2023-11-25,GG,0
2023-11-26,GG,0
2023-11-27,GG,0
2023-11-28,GG,0
2023-11-29,GG,0
2023-11-30,GG,0
2023-12-01,GG,0
2023-12-02,GG,0
2023-12-03,GG,0
2023-12-04,GG,0
2023-12-05,GG,0
2023-12-06,GG,0
2023-12-07,GG,0
2023-11-10,GH,15
2023-11-11,GH,16
2023-11-12,GH,0
2023-11-13,GH,12
2023-11-14,GH,17
2023-11-15,GH,13
2023-11-16,GH,0
2023-11-17,GH,0
2023-11-18,GH,0
2023-11-19,GH,16
2023-11-20,GH,32
2023-11-21,GH,42
2023-11-22,GH,39
2023-11-23,GH,11
2023-11-24,GH,30
2023-11-25,GH,27
2023-11-26,GH,31
2023-11-27,GH,10
2023-11-28,GH,14
2023-11-29,GH,0
2023-11-30,GH,25
2023-12-01,GH,15
2023-12-02,GH,22
2023-12-03,GH,35
2023-12-04,GH,0
2023-12-05,GH,32
2023-12-06,GH,23
2023-12-07,GH,0
2023-11-10,GP,0
2023-11-11,GP,0
2023-11-12,GP,0
2023-11-13,GP,0
2023-11-14,GP,0
2023-11-15,GP,0
2023-11-16,GP,0
2023-11-17,GP,0
2023-11-18,GP,0
2023-11-19,GP,0
2023-11-20,GP,0
2023-11-21,GP,0
2023-11-22,GP,0
2023-11-23,GP,0
2023-11-24,GP,0
2023-11-25,GP,0
2023-11-26,GP,0
2023-11-27,GP,0
2023-11-28,GP,0
2023-11-29,GP,0
2023-11-30,GP,0
2023-12-01,GP,0
2023-12-02,GP,0
2023-12-03,GP,0
2023-12-04,GP,0
2023-12-05,GP,0
2023-12-06,GP,0
2023-12-07,GP,0
2023-11-10,GR,0
2023-11-11,GR,0
2023-11-12,GR,10
2023-11-13,GR,0
2023-11-14,GR,0
2023-11-15,GR,0
2023-11-16,GR,0
2023-11-17,GR,0
2023-11-18,GR,0
2023-11-19,GR,0
2023-11-20,GR,21
2023-11-21,GR,24
2023-11-22,GR,13
2023-11-23,GR,16
2023-11-24,GR,0
2023-11-25,GR,0
2023-11-26,GR,11
2023-11-27,GR,0
2023-11-28,GR,0
2023-11-29,GR,0
2023-11-30,GR,0
2023-12-01,GR,0
2023-12-02,GR,0
2023-12-03,GR,11
2023-12-04,GR,10
2023-12-05,GR,12
2023-12-06,GR,10
2023-12-07,GR,0
2023-11-10,GU,0
2023-11-11,GU,0
2023-11-12,GU,0
2023-11-13,GU,0
2023-11-14,GU,0
2023-11-15,GU,0
2023-11-16,GU,0
2023-11-17,GU,0
2023-11-18,GU,0
2023-11-19,GU,0
2023-11-20,GU,0
2023-11-21,GU,0
2023-11-22,GU,0
2023-11-23,GU,0
2023-11-24,GU,0
2023-11-25,GU,0
2023-11-26,GU,0
2023-11-27,GU,0
2023-11-28,GU,0
2023-11-29,GU,0
2023-11-30,GU,0
2023-12-01,GU,0
2023-12-02,GU,0
2023-12-03,GU,0
2023-12-04,GU,0
2023-12-05,GU,0
2023-12-06,GU,0
2023-12-07,GU,0
2023-11-10,GY,13
2023-11-11,GY,11
2023-11-12,GY,21
2023-11-13,GY,18
2023-11-14,GY,18
2023-11-15,GY,0
2023-11-16,GY,18
2023-11-17,GY,17
2023-11-18,GY,0
2023-11-19,GY,19
2023-11-20,GY,53
2023-11-21,GY,61
2023-11-22,GY,20
2023-11-23,GY,14
2023-11-24,GY,15
2023-11-25,GY,13
2023-11-26,GY,20
2023-11-27,GY,0
2023-11-28,GY,0
2023-11-29,GY,21
2023-11-30,GY,11
2023-12-01,GY,0
2023-12-02,GY,18
2023-12-03,GY,0
2023-12-04,GY,18
2023-12-05,GY,12
2023-12-06,GY,0
2023-12-07,GY,0
2023-11-10,HK,0
2023-11-11,HK,0
2023-11-12,HK,0
2023-11-13,HK,0
2023-11-14,HK,0
2023-11-15,HK,0
2023-11-16,HK,0
2023-11-17,HK,0
2023-11-18,HK,0
2023-11-19,HK,0
2023-11-20,HK,12
2023-11-21,HK,21
2023-11-22,HK,0
2023-11-23,HK,0
2023-11-24,HK,0
2023-11-25,HK,0
2023-11-26,HK,0
2023-11-27,HK,0
2023-11-28,HK,0
2023-11-29,HK,0
2023-11-30,HK,0
2023-12-01,HK,0
2023-12-02,HK,0
2023-12-03,HK,0
2023-12-04,HK,0
2023-12-05,HK,0
2023-12-06,HK,0
2023-12-07,HK,0
2023-11-10,HR,0
2023-11-11,HR,0
2023-11-12,HR,0
2023-11-13,HR,0
2023-11-14,HR,0
2023-11-15,HR,0
2023-11-16,HR,0
2023-11-17,HR,0
2023-11-18,HR,0
2023-11-19,HR,0
2023-11-20,HR,0
2023-11-21,HR,17
2023-11-22,HR,0
2023-11-23,HR,0
2023-11-24,HR,0
2023-11-25,HR,0
2023-11-26,HR,0
2023-11-27,HR,0
2023-11-28,HR,0
2023-11-29,HR,0
2023-11-30,HR,0
2023-12-01,HR,0
2023-12-02,HR,0
2023-12-03,HR,0
2023-12-04,HR,0
2023-12-05,HR,0
2023-12-06,HR,0
2023-12-07,HR,0
2023-11-10,HU,0
2023-11-11,HU,0
2023-11-12,HU,0
2023-11-13,HU,0
2023-11-14,HU,0
2023-11-15,HU,0
2023-11-16,HU,0
2023-11-17,HU,0
2023-11-18,HU,0
2023-11-19,HU,0
2023-11-20,HU,0
2023-11-21,HU,12
2023-11-22,HU,0
2023-11-23,HU,0
2023-11-24,HU,0
2023-11-25,HU,0
2023-11-26,HU,0
2023-11-27,HU,0
2023-11-28,HU,0
2023-11-29,HU,0
2023-11-30,HU,0
2023-12-01,HU,0
2023-12-02,HU,0
2023-12-03,HU,0
2023-12-04,HU,0
2023-12-05,HU,0
2023-12-06,HU,0
2023-12-07,HU,0
2023-11-10,ID,0
2023-11-11,ID,12
2023-11-12,ID,10
2023-11-13,ID,24
2023-11-14,ID,0
2023-11-15,ID,0
2023-11-16,ID,13
2023-11-17,ID,15
2023-11-18,ID,0
2023-11-19,ID,0
2023-11-20,ID,107
2023-11-21,ID,88
2023-11-22,ID,44
2023-11-23,ID,14
2023-11-24,ID,14
2023-11-25,ID,14
2023-11-26,ID,23
2023-11-27,ID,19
2023-11-28,ID,14
2023-11-29,ID,0
2023-11-30,ID,13
2023-12-01,ID,16
2023-12-02,ID,17
2023-12-03,ID,15
2023-12-04,ID,23
2023-12-05,ID,16
2023-12-06,ID,25
2023-12-07,ID,0
2023-11-10,IE,24
2023-11-11,IE,15
2023-11-12,IE,26
2023-11-13,IE,23
2023-11-14,IE,22
2023-11-15,IE,19
2023-11-16,IE,26
2023-11-17,IE,25
2023-11-18,IE,28
2023-11-19,IE,23
2023-11-20,IE,41
2023-11-21,IE,61
2023-11-22,IE,27
2023-11-23,IE,26
2023-11-24,IE,0
2023-11-25,IE,16
2023-11-26,IE,27
2023-11-27,IE,21
2023-11-28,IE,19
2023-11-29,IE,12
2023-11-30,IE,17
2023-12-01,IE,14
2023-12-02,IE,31
2023-12-03,IE,14
2023-12-04,IE,30
2023-12-05,IE,16
2023-12-06,IE,32
2023-12-07,IE,0
2023-11-10,IL,0
2023-11-11,IL,17
2023-11-12,IL,0
2023-11-13,IL,0
2023-11-14,IL,0
2023-11-15,IL,0
2023-11-16,IL,0
2023-11-17,IL,16
2023-11-18,IL,11
2023-11-19,IL,0
2023-11-20,IL,22
2023-11-21,IL,44
2023-11-22,IL,11
2023-11-23,IL,0
2023-11-24,IL,0
2023-11-25,IL,0
2023-11-26,IL,0
2023-11-27,IL,0
2023-11-28,IL,11
2023-11-29,IL,0
2023-11-30,IL,0
2023-12-01,IL,0
2023-12-02,IL,0
2023-12-03,IL,0
2023-12-04,IL,0
2023-12-05,IL,11
2023-12-06,IL,0
2023-12-07,IL,0
2023-11-10,IN,36
2023-11-11,IN,51
2023-11-12,IN,42
2023-11-13,IN,48
2023-11-14,IN,47
2023-11-15,IN,26
2023-11-16,IN,43
2023-11-17,IN,41
2023-11-18,IN,62
2023-11-19,IN,35
2023-11-20,IN,326
2023-11-21,IN,407
2023-11-22,IN,132
2023-11-23,IN,77
2023-11-24,IN,106
2023-11-25,IN,50
2023-11-26,IN,65
2023-11-27,IN,53
2023-11-28,IN,69
2023-11-29,IN,48
2023-11-30,IN,55
2023-12-01,IN,81
2023-12-02,IN,64
2023-12-03,IN,42
2023-12-04,IN,53
2023-12-05,IN,59
2023-12-06,IN,76
2023-12-07,IN,0
2023-11-10,IQ,0
2023-11-11,IQ,0
2023-11-12,IQ,0
2023-11-13,IQ,0
2023-11-14,IQ,0
2023-11-15,IQ,0
2023-11-16,IQ,0
2023-11-17,IQ,0
2023-11-18,IQ,0
2023-11-19,IQ,0
2023-11-20,IQ,12
2023-11-21,IQ,23
2023-11-22,IQ,0
2023-11-23,IQ,0
2023-11-24,IQ,0
2023-11-25,IQ,0
2023-11-26,IQ,0
2023-11-27,IQ,0
2023-11-28,IQ,0
2023-11-29,IQ,0
2023-11-30,IQ,0
2023-12-01,IQ,0
2023-12-02,IQ,0
2023-12-03,IQ,0
2023-12-04,IQ,0
2023-12-05,IQ,0
2023-12-06,IQ,0
2023-12-07,IQ,0
2023-11-10,IT,20
2023-11-11,IT,17
2023-11-12,IT,0
2023-11-13,IT,22
2023-11-14,IT,11
2023-11-15,IT,0
2023-11-16,IT,13
2023-11-17,IT,12
2023-11-18,IT,22
2023-11-19,IT,27
2023-11-20,IT,58
2023-11-21,IT,84
2023-11-22,IT,38
2023-11-23,IT,15
2023-11-24,IT,13
2023-11-25,IT,18
2023-11-26,IT,11
2023-11-27,IT,11
2023-11-28,IT,17
2023-11-29,IT,13
2023-11-30,IT,0
2023-12-01,IT,13
2023-12-02,IT,16
2023-12-03,IT,13
2023-12-04,IT,11
2023-12-05,IT,0
2023-12-06,IT,24
2023-12-07,IT,0
2023-11-10,JM,165
2023-11-11,JM,121
2023-11-12,JM,88
2023-11-13,JM,74
2023-11-14,JM,101
2023-11-15,JM,111
2023-11-16,JM,108
2023-11-17,JM,70
2023-11-18,JM,66
2023-11-19,JM,69
2023-11-20,JM,426
2023-11-21,JM,306
2023-11-22,JM,178
2023-11-23,JM,162
2023-11-24,JM,88
2023-11-25,JM,114
2023-11-26,JM,109
2023-11-27,JM,105
2023-11-28,JM,88
2023-11-29,JM,141
2023-11-30,JM,89
2023-12-01,JM,96
2023-12-02,JM,61
2023-12-03,JM,87
2023-12-04,JM,70
2023-12-05,JM,67
2023-12-06,JM,108
2023-12-07,JM,0
2023-11-10,JP,0
2023-11-11,JP,0
2023-11-12,JP,11
2023-11-13,JP,10
2023-11-14,JP,0
2023-11-15,JP,11
2023-11-16,JP,15
2023-11-17,JP,18
2023-11-18,JP,11
2023-11-19,JP,0
2023-11-20,JP,37
2023-11-21,JP,25
2023-11-22,JP,22
2023-11-23,JP,21
2023-11-24,JP,0
2023-11-25,JP,0
2023-11-26,JP,0
2023-11-27,JP,0
2023-11-28,JP,0
2023-11-29,JP,0
2023-11-30,JP,0
2023-12-01,JP,11
2023-12-02,JP,0
2023-12-03,JP,0
2023-12-04,JP,0
2023-12-05,JP,0
2023-12-06,JP,0
2023-12-07,JP,0
2023-11-10,KE,73
2023-11-11,KE,49
2023-11-12,KE,40
2023-11-13,KE,60
2023-11-14,KE,72
2023-11-15,KE,52
2023-11-16,KE,46
2023-11-17,KE,51
2023-11-18,KE,59
2023-11-19,KE,32
2023-11-20,KE,182
2023-11-21,KE,173
2023-11-22,KE,116
2023-11-23,KE,105
2023-11-24,KE,106
2023-11-25,KE,82
2023-11-26,KE,79
2023-11-27,KE,66
2023-11-28,KE,86
2023-11-29,KE,57
2023-11-30,KE,52
2023-12-01,KE,96
2023-12-02,KE,67
2023-12-03,KE,79
2023-12-04,KE,93
2023-12-05,KE,57
2023-12-06,KE,37
2023-12-07,KE,0
2023-11-10,KH,0
2023-11-11,KH,0
2023-11-12,KH,0
2023-11-13,KH,0
2023-11-14,KH,0
2023-11-15,KH,0
2023-11-16,KH,0
2023-11-17,KH,0
2023-11-18,KH,0
2023-11-19,KH,0
2023-11-20,KH,16
2023-11-21,KH,13
2023-11-22,KH,10
2023-11-23,KH,0
2023-11-24,KH,0
2023-11-25,KH,0
2023-11-26,KH,0
2023-11-27,KH,0
2023-11-28,KH,0
2023-11-29,KH,0
2023-11-30,KH,0
2023-12-01,KH,0
2023-12-02,KH,0
2023-12-03,KH,0
2023-12-04,KH,0
2023-12-05,KH,0
2023-12-06,KH,0
2023-12-07,KH,0
2023-11-10,KN,0
2023-11-11,KN,0
2023-11-12,KN,0
2023-11-13,KN,0
2023-11-14,KN,0
2023-11-15,KN,0
2023-11-16,KN,0
2023-11-17,KN,0
2023-11-18,KN,0
2023-11-19,KN,0
2023-11-20,KN,10
2023-11-21,KN,19
2023-11-22,KN,0
2023-11-23,KN,0
2023-11-24,KN,10
2023-11-25,KN,0
2023-11-26,KN,0
2023-11-27,KN,0
2023-11-28,KN,0
2023-11-29,KN,0
2023-11-30,KN,0
2023-12-01,KN,0
2023-12-02,KN,0
2023-12-03,KN,0
2023-12-04,KN,0
2023-12-05,KN,0
2023-12-06,KN,0
2023-12-07,KN,0
2023-11-10,KR,0
2023-11-11,KR,0
2023-11-12,KR,0
2023-11-13,KR,0
2023-11-14,KR,0
2023-11-15,KR,0
2023-11-16,KR,0
2023-11-17,KR,0
2023-11-18,KR,0
2023-11-19,KR,0
2023-11-20,KR,0
2023-11-21,KR,0
2023-11-22,KR,0
2023-11-23,KR,0
2023-11-24,KR,0
2023-11-25,KR,0
2023-11-26,KR,11
2023-11-27,KR,0
2023-11-28,KR,0
2023-11-29,KR,0
2023-11-30,KR,0
2023-12-01,KR,0
2023-12-02,KR,0
2023-12-03,KR,0
2023-12-04,KR,0
2023-12-05,KR,0
2023-12-06,KR,0
2023-12-07,KR,0
2023-11-10,KW,0
2023-11-11,KW,0
2023-11-12,KW,0
2023-11-13,KW,0
2023-11-14,KW,0
2023-11-15,KW,0
2023-11-16,KW,0
2023-11-17,KW,0
2023-11-18,KW,0
2023-11-19,KW,0
2023-11-20,KW,0
2023-11-21,KW,0
2023-11-22,KW,0
2023-11-23,KW,0
2023-11-24,KW,0
2023-11-25,KW,0
2023-11-26,KW,0
2023-11-27,KW,0
2023-11-28,KW,0
2023-11-29,KW,0
2023-11-30,KW,0
2023-12-01,KW,0
2023-12-02,KW,0
2023-12-03,KW,11
2023-12-04,KW,0
2023-12-05,KW,0
2023-12-06,KW,0
2023-12-07,KW,0
2023-11-10,KY,0
2023-11-11,KY,0
2023-11-12,KY,0
2023-11-13,KY,0
2023-11-14,KY,0
2023-11-15,KY,0
2023-11-16,KY,0
2023-11-17,KY,0
2023-11-18,KY,0
2023-11-19,KY,0
2023-11-20,KY,0
2023-11-21,KY,0
2023-11-22,KY,0
2023-11-23,KY,0
2023-11-24,KY,0
2023-11-25,KY,0
2023-11-26,KY,0
2023-11-27,KY,0
2023-11-28,KY,0
2023-11-29,KY,0
2023-11-30,KY,0
2023-12-01,KY,0
2023-12-02,KY,0
2023-12-03,KY,0
2023-12-04,KY,0
2023-12-05,KY,14
2023-12-06,KY,0
2023-12-07,KY,0
2023-11-10,LC,16
2023-11-11,LC,13
2023-11-12,LC,0
2023-11-13,LC,0
2023-11-14,LC,0
2023-11-15,LC,0
2023-11-16,LC,0
2023-11-17,LC,0
2023-11-18,LC,10
2023-11-19,LC,10
2023-11-20,LC,42
2023-11-21,LC,49
2023-11-22,LC,13
2023-11-23,LC,16
2023-11-24,LC,0
2023-11-25,LC,0
2023-11-26,LC,0
2023-11-27,LC,0
2023-11-28,LC,11
2023-11-29,LC,0
2023-11-30,LC,0
2023-12-01,LC,0
2023-12-02,LC,0
2023-12-03,LC,0
2023-12-04,LC,0
2023-12-05,LC,0
2023-12-06,LC,0
2023-12-07,LC,0
2023-11-10,LU,0
2023-11-11,LU,0
2023-11-12,LU,0
2023-11-13,LU,0
2023-11-14,LU,0
2023-11-15,LU,0
2023-11-16,LU,0
2023-11-17,LU,0
2023-11-18,LU,0
2023-11-19,LU,0
2023-11-20,LU,0
2023-11-21,LU,0
2023-11-22,LU,0
2023-11-23,LU,0
2023-11-24,LU,0
2023-11-25,LU,0
2023-11-26,LU,0
2023-11-27,LU,0
2023-11-28,LU,0
2023-11-29,LU,0
2023-11-30,LU,0
2023-12-01,LU,0
2023-12-02,LU,0
2023-12-03,LU,0
2023-12-04,LU,0
2023-12-05,LU,0
2023-12-06,LU,0
2023-12-07,LU,0
2023-11-10,LV,0
2023-11-11,LV,0
2023-11-12,LV,0
2023-11-13,LV,0
2023-11-14,LV,0
2023-11-15,LV,0
2023-11-16,LV,0
2023-11-17,LV,0
2023-11-18,LV,0
2023-11-19,LV,0
2023-11-20,LV,0
2023-11-21,LV,0
2023-11-22,LV,0
2023-11-23,LV,0
2023-11-24,LV,0
2023-11-25,LV,0
2023-11-26,LV,0
2023-11-27,LV,0
2023-11-28,LV,0
2023-11-29,LV,0
2023-11-30,LV,0
2023-12-01,LV,0
2023-12-02,LV,0
2023-12-03,LV,0
2023-12-04,LV,0
2023-12-05,LV,0
2023-12-06,LV,0
2023-12-07,LV,0
2023-11-10,MA,0
2023-11-11,MA,0
2023-11-12,MA,0
2023-11-13,MA,0
2023-11-14,MA,0
2023-11-15,MA,16
2023-11-16,MA,25
2023-11-17,MA,0
2023-11-18,MA,0
2023-11-19,MA,0
2023-11-20,MA,37
2023-11-21,MA,53
2023-11-22,MA,10
2023-11-23,MA,0
2023-11-24,MA,0
2023-11-25,MA,0
2023-11-26,MA,0
2023-11-27,MA,0
2023-11-28,MA,0
2023-11-29,MA,23
2023-11-30,MA,0
2023-12-01,MA,0
2023-12-02,MA,0
2023-12-03,MA,0
2023-12-04,MA,10
2023-12-05,MA,10
2023-12-06,MA,0
2023-12-07,MA,0
2023-11-10,MK,0
2023-11-11,MK,0
2023-11-12,MK,12
2023-11-13,MK,0
2023-11-14,MK,0
2023-11-15,MK,0
2023-11-16,MK,0
2023-11-17,MK,0
2023-11-18,MK,0
2023-11-19,MK,0
2023-11-20,MK,0
2023-11-21,MK,0
2023-11-22,MK,0
2023-11-23,MK,0
2023-11-24,MK,0
2023-11-25,MK,0
2023-11-26,MK,0
2023-11-27,MK,0
2023-11-28,MK,0
2023-11-29,MK,0
2023-11-30,MK,0
2023-12-01,MK,0
2023-12-02,MK,0
2023-12-03,MK,0
2023-12-04,MK,0
2023-12-05,MK,0
2023-12-06,MK,0
2023-12-07,MK,0
2023-11-10,MM,0
2023-11-11,MM,0
2023-11-12,MM,0
2023-11-13,MM,0
2023-11-14,MM,0
2023-11-15,MM,0
2023-11-16,MM,0
2023-11-17,MM,0
2023-11-18,MM,0
2023-11-19,MM,0
2023-11-20,MM,29
2023-11-21,MM,24
2023-11-22,MM,0
2023-11-23,MM,0
2023-11-24,MM,0
2023-11-25,MM,0
2023-11-26,MM,0
2023-11-27,MM,0
2023-11-28,MM,0
2023-11-29,MM,0
2023-11-30,MM,0
2023-12-01,MM,0
2023-12-02,MM,0
2023-12-03,MM,0
2023-12-04,MM,0
2023-12-05,MM,0
2023-12-06,MM,0
2023-12-07,MM,0
2023-11-10,MQ,0
2023-11-11,MQ,0
2023-11-12,MQ,0
2023-11-13,MQ,0
2023-11-14,MQ,0
2023-11-15,MQ,0
2023-11-16,MQ,0
2023-11-17,MQ,0
2023-11-18,MQ,0
2023-11-19,MQ,0
2023-11-20,MQ,0
2023-11-21,MQ,0
2023-11-22,MQ,0
2023-11-23,MQ,0
2023-11-24,MQ,0
2023-11-25,MQ,0
2023-11-26,MQ,0
2023-11-27,MQ,0
2023-11-28,MQ,0
2023-11-29,MQ,0
2023-11-30,MQ,0
2023-12-01,MQ,0
2023-12-02,MQ,0
2023-12-03,MQ,0
2023-12-04,MQ,0
2023-12-05,MQ,0
2023-12-06,MQ,0
2023-12-07,MQ,0
2023-11-10,MT,0
2023-11-11,MT,0
2023-11-12,MT,0
2023-11-13,MT,0
2023-11-14,MT,0
2023-11-15,MT,0
2023-11-16,MT,0
2023-11-17,MT,0
2023-11-18,MT,0
2023-11-19,MT,0
2023-11-20,MT,0
2023-11-21,MT,0
2023-11-22,MT,0
2023-11-23,MT,0
2023-11-24,MT,0
2023-11-25,MT,0
2023-11-26,MT,0
2023-11-27,MT,0
2023-11-28,MT,0
2023-11-29,MT,0
2023-11-30,MT,0
2023-12-01,MT,0
2023-12-02,MT,0
2023-12-03,MT,0
2023-12-04,MT,0
2023-12-05,MT,0
2023-12-06,MT,0
2023-12-07,MT,0
2023-11-10,MU,0
2023-11-11,MU,0
2023-11-12,MU,0
2023-11-13,MU,0
2023-11-14,MU,0
2023-11-15,MU,0
2023-11-16,MU,0
2023-11-17,MU,0
2023-11-18,MU,0
2023-11-19,MU,0
2023-11-20,MU,11
2023-11-21,MU,13
2023-11-22,MU,0
2023-11-23,MU,0
2023-11-24,MU,0
2023-11-25,MU,0
2023-11-26,MU,0
2023-11-27,MU,0
2023-11-28,MU,0
2023-11-29,MU,0
2023-11-30,MU,0
2023-12-01,MU,0
2023-12-02,MU,0
2023-12-03,MU,0
2023-12-04,MU,0
2023-12-05,MU,0
2023-12-06,MU,0
2023-12-07,MU,0
2023-11-10,MW,0
2023-11-11,MW,0
2023-11-12,MW,0
2023-11-13,MW,0
2023-11-14,MW,0
2023-11-15,MW,0
2023-11-16,MW,0
2023-11-17,MW,0
2023-11-18,MW,0
2023-11-19,MW,0
2023-11-20,MW,0
2023-11-21,MW,0
2023-11-22,MW,0
2023-11-23,MW,13
2023-11-24,MW,0
2023-11-25,MW,0
2023-11-26,MW,0
2023-11-27,MW,0
2023-11-28,MW,0
2023-11-29,MW,0
2023-11-30,MW,0
2023-12-01,MW,0
2023-12-02,MW,0
2023-12-03,MW,0
2023-12-04,MW,0
2023-12-05,MW,0
2023-12-06,MW,0
2023-12-07,MW,0
2023-11-10,MX,16
2023-11-11,MX,17
2023-11-12,MX,0
2023-11-13,MX,12
2023-11-14,MX,14
2023-11-15,MX,11
2023-11-16,MX,14
2023-11-17,MX,10
2023-11-18,MX,0
2023-11-19,MX,17
2023-11-20,MX,84
2023-11-21,MX,25
2023-11-22,MX,16
2023-11-23,MX,18
2023-11-24,MX,17
2023-11-25,MX,15
2023-11-26,MX,11
2023-11-27,MX,0
2023-11-28,MX,0
2023-11-29,MX,15
2023-11-30,MX,0
2023-12-01,MX,19
2023-12-02,MX,0
2023-12-03,MX,14
2023-12-04,MX,0
2023-12-05,MX,0
2023-12-06,MX,21
2023-12-07,MX,0
2023-11-10,MY,13
2023-11-11,MY,0
2023-11-12,MY,0
2023-11-13,MY,12
2023-11-14,MY,0
2023-11-15,MY,23
2023-11-16,MY,18
2023-11-17,MY,15
2023-11-18,MY,18
2023-11-19,MY,17
2023-11-20,MY,93
2023-11-21,MY,80
2023-11-22,MY,34
2023-11-23,MY,20
2023-11-24,MY,19
2023-11-25,MY,15
2023-11-26,MY,16
2023-11-27,MY,14
2023-11-28,MY,30
2023-11-29,MY,10
2023-11-30,MY,15
2023-12-01,MY,0
2023-12-02,MY,0
2023-12-03,MY,17
2023-12-04,MY,14
2023-12-05,MY,15
2023-12-06,MY,0
2023-12-07,MY,0
2023-11-10,MZ,0
2023-11-11,MZ,0
2023-11-12,MZ,0
2023-11-13,MZ,0
2023-11-14,MZ,0
2023-11-15,MZ,0
2023-11-16,MZ,0
2023-11-17,MZ,0
2023-11-18,MZ,0
2023-11-19,MZ,0
2023-11-20,MZ,0
2023-11-21,MZ,0
2023-11-22,MZ,0
2023-11-23,MZ,0
2023-11-24,MZ,0
2023-11-25,MZ,0
2023-11-26,MZ,0
2023-11-27,MZ,0
2023-11-28,MZ,0
2023-11-29,MZ,0
2023-11-30,MZ,0
2023-12-01,MZ,0
2023-12-02,MZ,0
2023-12-03,MZ,0
2023-12-04,MZ,0
2023-12-05,MZ,0
2023-12-06,MZ,0
2023-12-07,MZ,0
2023-11-10,NA,10
2023-11-11,NA,15
2023-11-12,NA,14
2023-11-13,NA,10
2023-11-14,NA,0
2023-11-15,NA,0
2023-11-16,NA,0
2023-11-17,NA,11
2023-11-18,NA,0
2023-11-19,NA,0
2023-11-20,NA,49
2023-11-21,NA,56
2023-11-22,NA,12
2023-11-23,NA,14
2023-11-24,NA,17
2023-11-25,NA,0
2023-11-26,NA,15
2023-11-27,NA,28
2023-11-28,NA,24
2023-11-29,NA,18
2023-11-30,NA,13
2023-12-01,NA,13
2023-12-02,NA,14
2023-12-03,NA,0
2023-12-04,NA,15
2023-12-05,NA,0
2023-12-06,NA,0
2023-12-07,NA,0
2023-11-10,NC,0
2023-11-11,NC,0
2023-11-12,NC,0
2023-11-13,NC,0
2023-11-14,NC,0
2023-11-15,NC,0
2023-11-16,NC,0
2023-11-17,NC,0
2023-11-18,NC,0
2023-11-19,NC,0
2023-11-20,NC,0
2023-11-21,NC,0
2023-11-22,NC,0
2023-11-23,NC,0
2023-11-24,NC,0
2023-11-25,NC,0
2023-11-26,NC,0
2023-11-27,NC,0
2023-11-28,NC,0
2023-11-29,NC,0
2023-11-30,NC,0
2023-12-01,NC,0
2023-12-02,NC,0
2023-12-03,NC,0
2023-12-04,NC,0
2023-12-05,NC,0
2023-12-06,NC,0
2023-12-07,NC,0
2023-11-10,NG,61
2023-11-11,NG,52
2023-11-12,NG,58
2023-11-13,NG,85
2023-11-14,NG,52
2023-11-15,NG,21
2023-11-16,NG,51
2023-11-17,NG,38
2023-11-18,NG,36
2023-11-19,NG,33
2023-11-20,NG,124
2023-11-21,NG,161
2023-11-22,NG,103
2023-11-23,NG,108
2023-11-24,NG,84
2023-11-25,NG,73
2023-11-26,NG,38
2023-11-27,NG,58
2023-11-28,NG,49
2023-11-29,NG,32
2023-11-30,NG,28
2023-12-01,NG,36
2023-12-02,NG,30
2023-12-03,NG,37
2023-12-04,NG,58
2023-12-05,NG,39
2023-12-06,NG,46
2023-12-07,NG,0
2023-11-10,NL,12
2023-11-11,NL,37
2023-11-12,NL,14
2023-11-13,NL,33
2023-11-14,NL,37
2023-11-15,NL,42
2023-11-16,NL,36
2023-11-17,NL,47
2023-11-18,NL,31
2023-11-19,NL,25
2023-11-20,NL,89
2023-11-21,NL,176
2023-11-22,NL,46
2023-11-23,NL,35
2023-11-24,NL,57
2023-11-25,NL,38
2023-11-26,NL,40
2023-11-27,NL,25
2023-11-28,NL,28
2023-11-29,NL,52
2023-11-30,NL,32
2023-12-01,NL,36
2023-12-02,NL,29
2023-12-03,NL,23
2023-12-04,NL,35
2023-12-05,NL,24
2023-12-06,NL,41
2023-12-07,NL,0
2023-11-10,NO,0
2023-11-11,NO,0
2023-11-12,NO,0
2023-11-13,NO,0
2023-11-14,NO,0
2023-11-15,NO,0
2023-11-16,NO,0
2023-11-17,NO,13
2023-11-18,NO,0
2023-11-19,NO,10
2023-11-20,NO,25
2023-11-21,NO,33
2023-11-22,NO,11
2023-11-23,NO,0
2023-11-24,NO,10
2023-11-25,NO,0
2023-11-26,NO,15
2023-11-27,NO,21
2023-11-28,NO,11
2023-11-29,NO,0
2023-11-30,NO,20
2023-12-01,NO,0
2023-12-02,NO,0
2023-12-03,NO,11
2023-12-04,NO,0
2023-12-05,NO,10
2023-12-06,NO,13
2023-12-07,NO,0
2023-11-10,NP,0
2023-11-11,NP,0
2023-11-12,NP,0
2023-11-13,NP,0
2023-11-14,NP,0
2023-11-15,NP,0
2023-11-16,NP,0
2023-11-17,NP,0
2023-11-18,NP,0
2023-11-19,NP,0
2023-11-20,NP,38
2023-11-21,NP,25
2023-11-22,NP,17
2023-11-23,NP,0
2023-11-24,NP,0
2023-11-25,NP,0
2023-11-26,NP,0
2023-11-27,NP,0
2023-11-28,NP,0
2023-11-29,NP,0
2023-11-30,NP,0
2023-12-01,NP,11
2023-12-02,NP,0
2023-12-03,NP,0
2023-12-04,NP,0
2023-12-05,NP,0
2023-12-06,NP,10
2023-12-07,NP,0
2023-11-10,NZ,18
2023-11-11,NZ,22
2023-11-12,NZ,18
2023-11-13,NZ,20
2023-11-14,NZ,25
2023-11-15,NZ,22
2023-11-16,NZ,18
2023-11-17,NZ,24
2023-11-18,NZ,32
2023-11-19,NZ,21
2023-11-20,NZ,84
2023-11-21,NZ,57
2023-11-22,NZ,31
2023-11-23,NZ,24
2023-11-24,NZ,28
2023-11-25,NZ,20
2023-11-26,NZ,22
2023-11-27,NZ,29
2023-11-28,NZ,18
2023-11-29,NZ,18
2023-11-30,NZ,14
2023-12-01,NZ,24
2023-12-02,NZ,20
2023-12-03,NZ,15
2023-12-04,NZ,15
2023-12-05,NZ,16
2023-12-06,NZ,23
2023-12-07,NZ,0
2023-11-10,OM,0
2023-11-11,OM,0
2023-11-12,OM,0
2023-11-13,OM,0
2023-11-14,OM,0
2023-11-15,OM,0
2023-11-16,OM,0
2023-11-17,OM,0
2023-11-18,OM,0
2023-11-19,OM,0
2023-11-20,OM,10
2023-11-21,OM,10
2023-11-22,OM,0
2023-11-23,OM,0
2023-11-24,OM,0
2023-11-25,OM,0
2023-11-26,OM,0
2023-11-27,OM,0
2023-11-28,OM,0
2023-11-29,OM,0
2023-11-30,OM,0
2023-12-01,OM,17
2023-12-02,OM,15
2023-12-03,OM,0
2023-12-04,OM,0
2023-12-05,OM,0
2023-12-06,OM,0
2023-12-07,OM,0
2023-11-10,PA,0
2023-11-11,PA,0
2023-11-12,PA,0
2023-11-13,PA,0
2023-11-14,PA,0
2023-11-15,PA,0
2023-11-16,PA,0
2023-11-17,PA,0
2023-11-18,PA,0
2023-11-19,PA,0
2023-11-20,PA,13
2023-11-21,PA,0
2023-11-22,PA,0
2023-11-23,PA,0
2023-11-24,PA,0
2023-11-25,PA,0
2023-11-26,PA,0
2023-11-27,PA,0
2023-11-28,PA,0
2023-11-29,PA,20
2023-11-30,PA,0
2023-12-01,PA,0
2023-12-02,PA,0
2023-12-03,PA,0
2023-12-04,PA,0
2023-12-05,PA,0
2023-12-06,PA,0
2023-12-07,PA,0
2023-11-10,PE,0
2023-11-11,PE,0
2023-11-12,PE,0
2023-11-13,PE,0
2023-11-14,PE,0
2023-11-15,PE,0
2023-11-16,PE,0
2023-11-17,PE,0
2023-11-18,PE,0
2023-11-19,PE,0
2023-11-20,PE,20
2023-11-21,PE,0
2023-11-22,PE,0
2023-11-23,PE,0
2023-11-24,PE,0
2023-11-25,PE,0
2023-11-26,PE,0
2023-11-27,PE,11
2023-11-28,PE,0
2023-11-29,PE,0
2023-11-30,PE,0
2023-12-01,PE,0
2023-12-02,PE,0
2023-12-03,PE,0
2023-12-04,PE,0
2023-12-05,PE,0
2023-12-06,PE,0
2023-12-07,PE,0
2023-11-10,PG,0
2023-11-11,PG,16
2023-11-12,PG,0
2023-11-13,PG,0
2023-11-14,PG,0
2023-11-15,PG,0
2023-11-16,PG,0
2023-11-17,PG,0
2023-11-18,PG,0
2023-11-19,PG,0
2023-11-20,PG,0
2023-11-21,PG,0
2023-11-22,PG,0
2023-11-23,PG,13
2023-11-24,PG,15
2023-11-25,PG,0
2023-11-26,PG,0
2023-11-27,PG,0
2023-11-28,PG,0
2023-11-29,PG,0
2023-11-30,PG,0
2023-12-01,PG,0
2023-12-02,PG,0
2023-12-03,PG,0
2023-12-04,PG,0
2023-12-05,PG,0
2023-12-06,PG,0
2023-12-07,PG,0
2023-11-10,PH,62
2023-11-11,PH,77
2023-11-12,PH,41
2023-11-13,PH,46
2023-11-14,PH,74
2023-11-15,PH,55
2023-11-16,PH,77
2023-11-17,PH,60
2023-11-18,PH,60
2023-11-19,PH,38
2023-11-20,PH,385
2023-11-21,PH,370
2023-11-22,PH,191
2023-11-23,PH,100
2023-11-24,PH,98
2023-11-25,PH,80
2023-11-26,PH,95
2023-11-27,PH,84
2023-11-28,PH,78
2023-11-29,PH,56
2023-11-30,PH,54
2023-12-01,PH,45
2023-12-02,PH,82
2023-12-03,PH,50
2023-12-04,PH,54
2023-12-05,PH,82
2023-12-06,PH,93
2023-12-07,PH,0
2023-11-10,PK,0
2023-11-11,PK,0
2023-11-12,PK,0
2023-11-13,PK,0
2023-11-14,PK,0
2023-11-15,PK,0
2023-11-16,PK,0
2023-11-17,PK,0
2023-11-18,PK,0
2023-11-19,PK,0
2023-11-20,PK,21
2023-11-21,PK,43
2023-11-22,PK,24
2023-11-23,PK,0
2023-11-24,PK,10
2023-11-25,PK,16
2023-11-26,PK,0
2023-11-27,PK,14
2023-11-28,PK,16
2023-11-29,PK,0
2023-11-30,PK,12
2023-12-01,PK,18
2023-12-02,PK,13
2023-12-03,PK,0
2023-12-04,PK,0
2023-12-05,PK,0
2023-12-06,PK,0
2023-12-07,PK,0
2023-11-10,PL,20
2023-11-11,PL,15
2023-11-12,PL,0
2023-11-13,PL,0
2023-11-14,PL,0
2023-11-15,PL,0
2023-11-16,PL,0
2023-11-17,PL,0
2023-11-18,PL,0
2023-11-19,PL,0
2023-11-20,PL,24
2023-11-21,PL,49
2023-11-22,PL,0
2023-11-23,PL,14
2023-11-24,PL,11
2023-11-25,PL,13
2023-11-26,PL,0
2023-11-27,PL,12
2023-11-28,PL,10
2023-11-29,PL,0
2023-11-30,PL,0
2023-12-01,PL,14
2023-12-02,PL,0
2023-12-03,PL,10
2023-12-04,PL,18
2023-12-05,PL,0
2023-12-06,PL,13
2023-12-07,PL,0
2023-11-10,PR,21
2023-11-11,PR,20
2023-11-12,PR,17
2023-11-13,PR,21
2023-11-14,PR,0
2023-11-15,PR,11
2023-11-16,PR,21
2023-11-17,PR,24
2023-11-18,PR,11
2023-11-19,PR,10
2023-11-20,PR,75
2023-11-21,PR,91
2023-11-22,PR,23
2023-11-23,PR,36
2023-11-24,PR,15
2023-11-25,PR,21
2023-11-26,PR,16
2023-11-27,PR,0
2023-11-28,PR,26
2023-11-29,PR,0
2023-11-30,PR,22
2023-12-01,PR,46
2023-12-02,PR,11
2023-12-03,PR,0
2023-12-04,PR,12
2023-12-05,PR,10
2023-12-06,PR,0
2023-12-07,PR,0
2023-11-10,PT,0
2023-11-11,PT,15
2023-11-12,PT,0
2023-11-13,PT,19
2023-11-14,PT,18
2023-11-15,PT,16
2023-11-16,PT,16
2023-11-17,PT,21
2023-11-18,PT,11
2023-11-19,PT,26
2023-11-20,PT,69
2023-11-21,PT,59
2023-11-22,PT,23
2023-11-23,PT,16
2023-11-24,PT,14
2023-11-25,PT,13
2023-11-26,PT,41
2023-11-27,PT,24
2023-11-28,PT,24
2023-11-29,PT,11
2023-11-30,PT,13
2023-12-01,PT,15
2023-12-02,PT,16
2023-12-03,PT,13
2023-12-04,PT,0
2023-12-05,PT,14
2023-12-06,PT,30
2023-12-07,PT,0
2023-11-10,QA,0
2023-11-11,QA,0
2023-11-12,QA,0
2023-11-13,QA,0
2023-11-14,QA,0
2023-11-15,QA,0
2023-11-16,QA,0
2023-11-17,QA,0
2023-11-18,QA,0
2023-11-19,QA,13
2023-11-20,QA,0
2023-11-21,QA,12
2023-11-22,QA,0
2023-11-23,QA,0
2023-11-24,QA,0
2023-11-25,QA,0
2023-11-26,QA,0
2023-11-27,QA,0
2023-11-28,QA,0
2023-11-29,QA,0
2023-11-30,QA,0
2023-12-01,QA,0
2023-12-02,QA,0
2023-12-03,QA,0
2023-12-04,QA,0
2023-12-05,QA,13
2023-12-06,QA,0
2023-12-07,QA,0
2023-11-10,RE,0
2023-11-11,RE,0
2023-11-12,RE,0
2023-11-13,RE,0
2023-11-14,RE,0
2023-11-15,RE,0
2023-11-16,RE,0
2023-11-17,RE,0
2023-11-18,RE,0
2023-11-19,RE,0
2023-11-20,RE,0
2023-11-21,RE,0
2023-11-22,RE,0
2023-11-23,RE,0
2023-11-24,RE,0
2023-11-25,RE,0
2023-11-26,RE,0
2023-11-27,RE,0
2023-11-28,RE,0
2023-11-29,RE,0
2023-11-30,RE,0
2023-12-01,RE,0
2023-12-02,RE,0
2023-12-03,RE,0
2023-12-04,RE,0
2023-12-05,RE,0
2023-12-06,RE,0
2023-12-07,RE,0
2023-11-10,RO,14
2023-11-11,RO,21
2023-11-12,RO,23
2023-11-13,RO,0
2023-11-14,RO,0
2023-11-15,RO,0
2023-11-16,RO,0
2023-11-17,RO,0
2023-11-18,RO,16
2023-11-19,RO,15
2023-11-20,RO,26
2023-11-21,RO,67
2023-11-22,RO,18
2023-11-23,RO,0
2023-11-24,RO,0
2023-11-25,RO,0
2023-11-26,RO,11
2023-11-27,RO,0
2023-11-28,RO,15
2023-11-29,RO,0
2023-11-30,RO,0
2023-12-01,RO,12
2023-12-02,RO,0
2023-12-03,RO,0
2023-12-04,RO,15
2023-12-05,RO,0
2023-12-06,RO,14
2023-12-07,RO,0
2023-11-10,RS,0
2023-11-11,RS,0
2023-11-12,RS,0
2023-11-13,RS,0
2023-11-14,RS,0
2023-11-15,RS,0
2023-11-16,RS,0
2023-11-17,RS,0
2023-11-18,RS,0
2023-11-19,RS,0
2023-11-20,RS,22
2023-11-21,RS,16
2023-11-22,RS,11
2023-11-23,RS,0
2023-11-24,RS,0
2023-11-25,RS,0
2023-11-26,RS,0
2023-11-27,RS,0
2023-11-28,RS,0
2023-11-29,RS,0
2023-11-30,RS,0
2023-12-01,RS,0
2023-12-02,RS,0
2023-12-03,RS,0
2023-12-04,RS,0
2023-12-05,RS,0
2023-12-06,RS,0
2023-12-07,RS,0
2023-11-10,RU,0
2023-11-11,RU,0
2023-11-12,RU,0
2023-11-13,RU,0
2023-11-14,RU,0
2023-11-15,RU,0
2023-11-16,RU,0
2023-11-17,RU,0
2023-11-18,RU,0
2023-11-19,RU,10
2023-11-20,RU,22
2023-11-21,RU,39
2023-11-22,RU,15
2023-11-23,RU,0
2023-11-24,RU,13
2023-11-25,RU,0
2023-11-26,RU,0
2023-11-27,RU,10
2023-11-28,RU,17
2023-11-29,RU,0
2023-11-30,RU,0
2023-12-01,RU,0
2023-12-02,RU,12
2023-12-03,RU,0
2023-12-04,RU,0
2023-12-05,RU,0
2023-12-06,RU,0
2023-12-07,RU,0
2023-11-10,RW,0
2023-11-11,RW,0
2023-11-12,RW,0
2023-11-13,RW,0
2023-11-14,RW,0
2023-11-15,RW,0
2023-11-16,RW,0
2023-11-17,RW,0
2023-11-18,RW,0
2023-11-19,RW,0
2023-11-20,RW,0
2023-11-21,RW,13
2023-11-22,RW,0
2023-11-23,RW,0
2023-11-24,RW,0
2023-11-25,RW,0
2023-11-26,RW,0
2023-11-27,RW,0
2023-11-28,RW,0
2023-11-29,RW,0
2023-11-30,RW,0
2023-12-01,RW,0
2023-12-02,RW,0
2023-12-03,RW,0
2023-12-04,RW,0
2023-12-05,RW,0
2023-12-06,RW,0
2023-12-07,RW,0
2023-11-10,SA,0
2023-11-11,SA,0
2023-11-12,SA,0
2023-11-13,SA,0
2023-11-14,SA,0
2023-11-15,SA,0
2023-11-16,SA,0
2023-11-17,SA,0
2023-11-18,SA,15
2023-11-19,SA,0
2023-11-20,SA,37
2023-11-21,SA,61
2023-11-22,SA,25
2023-11-23,SA,24
2023-11-24,SA,0
2023-11-25,SA,0
2023-11-26,SA,0
2023-11-27,SA,0
2023-11-28,SA,21
2023-11-29,SA,0
2023-11-30,SA,0
2023-12-01,SA,20
2023-12-02,SA,14
2023-12-03,SA,0
2023-12-04,SA,13
2023-12-05,SA,13
2023-12-06,SA,11
2023-12-07,SA,0
2023-11-10,SC,0
2023-11-11,SC,0
2023-11-12,SC,0
2023-11-13,SC,0
2023-11-14,SC,0
2023-11-15,SC,0
2023-11-16,SC,0
2023-11-17,SC,0
2023-11-18,SC,0
2023-11-19,SC,0
2023-11-20,SC,0
2023-11-21,SC,0
2023-11-22,SC,0
2023-11-23,SC,0
2023-11-24,SC,0
2023-11-25,SC,0
2023-11-26,SC,0
2023-11-27,SC,0
2023-11-28,SC,0
2023-11-29,SC,0
2023-11-30,SC,0
2023-12-01,SC,0
2023-12-02,SC,0
2023-12-03,SC,0
2023-12-04,SC,0
2023-12-05,SC,0
2023-12-06,SC,0
2023-12-07,SC,0
2023-11-10,SE,0
2023-11-11,SE,16
2023-11-12,SE,16
2023-11-13,SE,0
2023-11-14,SE,0
2023-11-15,SE,14
2023-11-16,SE,12
2023-11-17,SE,14
2023-11-18,SE,21
2023-11-19,SE,0
2023-11-20,SE,49
2023-11-21,SE,58
2023-11-22,SE,24
2023-11-23,SE,16
2023-11-24,SE,16
2023-11-25,SE,14
2023-11-26,SE,15
2023-11-27,SE,11
2023-11-28,SE,10
2023-11-29,SE,10
2023-11-30,SE,14
2023-12-01,SE,15
2023-12-02,SE,21
2023-12-03,SE,20
2023-12-04,SE,0
2023-12-05,SE,0
2023-12-06,SE,33
2023-12-07,SE,0
2023-11-10,SG,0
2023-11-11,SG,0
2023-11-12,SG,0
2023-11-13,SG,0
2023-11-14,SG,10
2023-11-15,SG,0
2023-11-16,SG,0
2023-11-17,SG,0
2023-11-18,SG,11
2023-11-19,SG,0
2023-11-20,SG,51
2023-11-21,SG,35
2023-11-22,SG,11
2023-11-23,SG,0
2023-11-24,SG,14
2023-11-25,SG,0
2023-11-26,SG,15
2023-11-27,SG,0
2023-11-28,SG,0
2023-11-29,SG,0
2023-11-30,SG,0
2023-12-01,SG,19
2023-12-02,SG,10
2023-12-03,SG,15
2023-12-04,SG,0
2023-12-05,SG,14
2023-12-06,SG,0
2023-12-07,SG,0
2023-11-10,SI,0
2023-11-11,SI,0
2023-11-12,SI,0
2023-11-13,SI,0
2023-11-14,SI,0
2023-11-15,SI,0
2023-11-16,SI,0
2023-11-17,SI,0
2023-11-18,SI,0
2023-11-19,SI,0
2023-11-20,SI,0
2023-11-21,SI,13
2023-11-22,SI,0
2023-11-23,SI,0
2023-11-24,SI,0
2023-11-25,SI,0
2023-11-26,SI,0
2023-11-27,SI,0
2023-11-28,SI,0
2023-11-29,SI,0
2023-11-30,SI,0
2023-12-01,SI,0
2023-12-02,SI,0
2023-12-03,SI,0
2023-12-04,SI,0
2023-12-05,SI,0
2023-12-06,SI,0
2023-12-07,SI,0
2023-11-10,SK,0
2023-11-11,SK,0
2023-11-12,SK,0
2023-11-13,SK,0
2023-11-14,SK,0
2023-11-15,SK,0
2023-11-16,SK,0
2023-11-17,SK,0
2023-11-18,SK,0
2023-11-19,SK,0
2023-11-20,SK,0
2023-11-21,SK,0
2023-11-22,SK,16
2023-11-23,SK,0
2023-11-24,SK,0
2023-11-25,SK,0
2023-11-26,SK,0
2023-11-27,SK,0
2023-11-28,SK,0
2023-11-29,SK,0
2023-11-30,SK,0
2023-12-01,SK,0
2023-12-02,SK,0
2023-12-03,SK,0
2023-12-04,SK,0
2023-12-05,SK,0
2023-12-06,SK,0
2023-12-07,SK,0
2023-11-10,SO,0
2023-11-11,SO,0
2023-11-12,SO,0
2023-11-13,SO,0
2023-11-14,SO,0
2023-11-15,SO,0
2023-11-16,SO,0
2023-11-17,SO,0
2023-11-18,SO,0
2023-11-19,SO,0
2023-11-20,SO,0
2023-11-21,SO,12
2023-11-22,SO,0
2023-11-23,SO,0
2023-11-24,SO,0
2023-11-25,SO,0
2023-11-26,SO,11
2023-11-27,SO,0
2023-11-28,SO,0
2023-11-29,SO,0
2023-11-30,SO,0
2023-12-01,SO,0
2023-12-02,SO,0
2023-12-03,SO,0
2023-12-04,SO,0
2023-12-05,SO,0
2023-12-06,SO,0
2023-12-07,SO,0
2023-11-10,SR,0
2023-11-11,SR,0
2023-11-12,SR,14
2023-11-13,SR,16
2023-11-14,SR,0
2023-11-15,SR,0
2023-11-16,SR,0
2023-11-17,SR,0
2023-11-18,SR,14
2023-11-19,SR,0
2023-11-20,SR,21
2023-11-21,SR,0
2023-11-22,SR,12
2023-11-23,SR,10
2023-11-24,SR,22
2023-11-25,SR,12
2023-11-26,SR,0
2023-11-27,SR,0
2023-11-28,SR,0
2023-11-29,SR,0
2023-11-30,SR,0
2023-12-01,SR,0
2023-12-02,SR,0
2023-12-03,SR,0
2023-12-04,SR,0
2023-12-05,SR,0
2023-12-06,SR,0
2023-12-07,SR,0
2023-11-10,SV,0
2023-11-11,SV,0
2023-11-12,SV,0
2023-11-13,SV,0
2023-11-14,SV,0
2023-11-15,SV,0
2023-11-16,SV,0
2023-11-17,SV,0
2023-11-18,SV,0
2023-11-19,SV,0
2023-11-20,SV,0
2023-11-21,SV,0
2023-11-22,SV,0
2023-11-23,SV,0
2023-11-24,SV,0
2023-11-25,SV,0
2023-11-26,SV,0
2023-11-27,SV,0
2023-11-28,SV,0
2023-11-29,SV,0
2023-11-30,SV,0
2023-12-01,SV,0
2023-12-02,SV,0
2023-12-03,SV,0
2023-12-04,SV,0
2023-12-05,SV,0
2023-12-06,SV,0
2023-12-07,SV,0
2023-11-10,SZ,0
2023-11-11,SZ,0
2023-11-12,SZ,0
2023-11-13,SZ,0
2023-11-14,SZ,0
2023-11-15,SZ,0
2023-11-16,SZ,0
2023-11-17,SZ,0
2023-11-18,SZ,0
2023-11-19,SZ,0
2023-11-20,SZ,0
2023-11-21,SZ,15
2023-11-22,SZ,13
2023-11-23,SZ,0
2023-11-24,SZ,0
2023-11-25,SZ,0
2023-11-26,SZ,0
2023-11-27,SZ,0
2023-11-28,SZ,10
2023-11-29,SZ,0
2023-11-30,SZ,0
2023-12-01,SZ,0
2023-12-02,SZ,0
2023-12-03,SZ,0
2023-12-04,SZ,0
2023-12-05,SZ,0
2023-12-06,SZ,0
2023-12-07,SZ,0
2023-11-10,TC,0
2023-11-11,TC,0
2023-11-12,TC,0
2023-11-13,TC,0
2023-11-14,TC,0
2023-11-15,TC,0
2023-11-16,TC,0
2023-11-17,TC,0
2023-11-18,TC,0
2023-11-19,TC,0
2023-11-20,TC,17
2023-11-21,TC,15
2023-11-22,TC,0
2023-11-23,TC,0
2023-11-24,TC,0
2023-11-25,TC,0
2023-11-26,TC,0
2023-11-27,TC,0
2023-11-28,TC,0
2023-11-29,TC,0
2023-11-30,TC,0
2023-12-01,TC,0
2023-12-02,TC,0
2023-12-03,TC,0
2023-12-04,TC,0
2023-12-05,TC,0
2023-12-06,TC,0
2023-12-07,TC,0
2023-11-10,TH,0
2023-11-11,TH,0
2023-11-12,TH,0
2023-11-13,TH,0
2023-11-14,TH,0
2023-11-15,TH,0
2023-11-16,TH,0
2023-11-17,TH,0
2023-11-18,TH,0
2023-11-19,TH,0
2023-11-20,TH,56
2023-11-21,TH,50
2023-11-22,TH,13
2023-11-23,TH,0
2023-11-24,TH,10
2023-11-25,TH,0
2023-11-26,TH,0
2023-11-27,TH,0
2023-11-28,TH,0
2023-11-29,TH,0
2023-11-30,TH,0
2023-12-01,TH,0
2023-12-02,TH,0
2023-12-03,TH,0
2023-12-04,TH,0
2023-12-05,TH,0
2023-12-06,TH,0
2023-12-07,TH,0
2023-11-10,TN,0
2023-11-11,TN,0
2023-11-12,TN,0
2023-11-13,TN,0
2023-11-14,TN,0
2023-11-15,TN,0
2023-11-16,TN,0
2023-11-17,TN,0
2023-11-18,TN,0
2023-11-19,TN,0
2023-11-20,TN,0
2023-11-21,TN,30
2023-11-22,TN,0
2023-11-23,TN,0
2023-11-24,TN,0
2023-11-25,TN,0
2023-11-26,TN,0
2023-11-27,TN,0
2023-11-28,TN,0
2023-11-29,TN,0
2023-11-30,TN,0
2023-12-01,TN,0
2023-12-02,TN,0
2023-12-03,TN,0
2023-12-04,TN,0
2023-12-05,TN,0
2023-12-06,TN,0
2023-12-07,TN,0
2023-11-10,TR,0
2023-11-11,TR,0
2023-11-12,TR,0
2023-11-13,TR,0
2023-11-14,TR,0
2023-11-15,TR,0
2023-11-16,TR,12
2023-11-17,TR,0
2023-11-18,TR,0
2023-11-19,TR,0
2023-11-20,TR,12
2023-11-21,TR,17
2023-11-22,TR,0
2023-11-23,TR,0
2023-11-24,TR,0
2023-11-25,TR,15
2023-11-26,TR,0
2023-11-27,TR,0
2023-11-28,TR,10
2023-11-29,TR,0
2023-11-30,TR,0
2023-12-01,TR,0
2023-12-02,TR,10
2023-12-03,TR,11
2023-12-04,TR,0
2023-12-05,TR,0
2023-12-06,TR,0
2023-12-07,TR,0
2023-11-10,TT,72
2023-11-11,TT,63
2023-11-12,TT,68
2023-11-13,TT,81
2023-11-14,TT,38
2023-11-15,TT,60
2023-11-16,TT,56
2023-11-17,TT,58
2023-11-18,TT,81
2023-11-19,TT,75
2023-11-20,TT,235
2023-11-21,TT,218
2023-11-22,TT,84
2023-11-23,TT,67
2023-11-24,TT,82
2023-11-25,TT,89
2023-11-26,TT,85
2023-11-27,TT,84
2023-11-28,TT,59
2023-11-29,TT,61
2023-11-30,TT,86
2023-12-01,TT,46
2023-12-02,TT,50
2023-12-03,TT,51
2023-12-04,TT,58
2023-12-05,TT,59
2023-12-06,TT,77
2023-12-07,TT,0
2023-11-10,TZ,0
2023-11-11,TZ,0
2023-11-12,TZ,12
2023-11-13,TZ,0
2023-11-14,TZ,0
2023-11-15,TZ,0
2023-11-16,TZ,0
2023-11-17,TZ,0
2023-11-18,TZ,0
2023-11-19,TZ,0
2023-11-20,TZ,0
2023-11-21,TZ,0
2023-11-22,TZ,0
2023-11-23,TZ,0
2023-11-24,TZ,0
2023-11-25,TZ,0
2023-11-26,TZ,0
2023-11-27,TZ,0
2023-11-28,TZ,0
2023-11-29,TZ,0
2023-11-30,TZ,0
2023-12-01,TZ,0
2023-12-02,TZ,0
2023-12-03,TZ,0
2023-12-04,TZ,0
2023-12-05,TZ,0
2023-12-06,TZ,0
2023-12-07,TZ,0
2023-11-10,UG,0
2023-11-11,UG,11
2023-11-12,UG,0
2023-11-13,UG,0
2023-11-14,UG,0
2023-11-15,UG,0
2023-11-16,UG,0
2023-11-17,UG,0
2023-11-18,UG,0
2023-11-19,UG,15
2023-11-20,UG,0
2023-11-21,UG,30
2023-11-22,UG,0
2023-11-23,UG,0
2023-11-24,UG,0
2023-11-25,UG,23
2023-11-26,UG,0
2023-11-27,UG,0
2023-11-28,UG,0
2023-11-29,UG,0
2023-11-30,UG,0
2023-12-01,UG,0
2023-12-02,UG,0
2023-12-03,UG,0
2023-12-04,UG,0
2023-12-05,UG,0
2023-12-06,UG,0
2023-12-07,UG,0
2023-11-10,US,6753
2023-11-11,US,6804
2023-11-12,US,6308
2023-11-13,US,5884
2023-11-14,US,6033
2023-11-15,US,6181
2023-11-16,US,6501
2023-11-17,US,5868
2023-11-18,US,6610
2023-11-19,US,5457
2023-11-20,US,18372
2023-11-21,US,14343
2023-11-22,US,7820
2023-11-23,US,7250
2023-11-24,US,6573
2023-11-25,US,6157
2023-11-26,US,6256
2023-11-27,US,5977
2023-11-28,US,5387
2023-11-29,US,4996
2023-11-30,US,4857
2023-12-01,US,4428
2023-12-02,US,5159
2023-12-03,US,5112
2023-12-04,US,4773
2023-12-05,US,5076
2023-12-06,US,5268
2023-12-07,US,0
2023-11-10,UY,0
2023-11-11,UY,0
2023-11-12,UY,0
2023-11-13,UY,0
2023-11-14,UY,0
2023-11-15,UY,0
2023-11-16,UY,0
2023-11-17,UY,0
2023-11-18,UY,0
2023-11-19,UY,0
2023-11-20,UY,10
2023-11-21,UY,0
2023-11-22,UY,0
2023-11-23,UY,0
2023-11-24,UY,0
2023-11-25,UY,0
2023-11-26,UY,0
2023-11-27,UY,0
2023-11-28,UY,0
2023-11-29,UY,0
2023-11-30,UY,0
2023-12-01,UY,0
2023-12-02,UY,0
2023-12-03,UY,0
2023-12-04,UY,0
2023-12-05,UY,0
2023-12-06,UY,0
2023-12-07,UY,0
2023-11-10,VC,0
2023-11-11,VC,0
2023-11-12,VC,0
2023-11-13,VC,0
2023-11-14,VC,0
2023-11-15,VC,0
2023-11-16,VC,0
2023-11-17,VC,0
2023-11-18,VC,0
2023-11-19,VC,0
2023-11-20,VC,13
2023-11-21,VC,13
2023-11-22,VC,0
2023-11-23,VC,0
2023-11-24,VC,0
2023-11-25,VC,0
2023-11-26,VC,0
2023-11-27,VC,0
2023-11-28,VC,0
2023-11-29,VC,0
2023-11-30,VC,0
2023-12-01,VC,0
2023-12-02,VC,0
2023-12-03,VC,0
2023-12-04,VC,0
2023-12-05,VC,0
2023-12-06,VC,0
2023-12-07,VC,0
2023-11-10,VI,0
2023-11-11,VI,0
2023-11-12,VI,0
2023-11-13,VI,0
2023-11-14,VI,0
2023-11-15,VI,0
2023-11-16,VI,0
2023-11-17,VI,0
2023-11-18,VI,0
2023-11-19,VI,0
2023-11-20,VI,0
2023-11-21,VI,13
2023-11-22,VI,0
2023-11-23,VI,0
2023-11-24,VI,0
2023-11-25,VI,0
2023-11-26,VI,0
2023-11-27,VI,0
2023-11-28,VI,0
2023-11-29,VI,0
2023-11-30,VI,0
2023-12-01,VI,0
2023-12-02,VI,0
2023-12-03,VI,0
2023-12-04,VI,0
2023-12-05,VI,0
2023-12-06,VI,0
2023-12-07,VI,0
2023-11-10,VN,11
2023-11-11,VN,13
2023-11-12,VN,0
2023-11-13,VN,0
2023-11-14,VN,0
2023-11-15,VN,0
2023-11-16,VN,0
2023-11-17,VN,12
2023-11-18,VN,0
2023-11-19,VN,12
2023-11-20,VN,62
2023-11-21,VN,79
2023-11-22,VN,27
2023-11-23,VN,14
2023-11-24,VN,11
2023-11-25,VN,0
2023-11-26,VN,0
2023-11-27,VN,16
2023-11-28,VN,16
2023-11-29,VN,12
2023-11-30,VN,11
2023-12-01,VN,0
2023-12-02,VN,14
2023-12-03,VN,0
2023-12-04,VN,12
2023-12-05,VN,14
2023-12-06,VN,0
2023-12-07,VN,0
2023-11-10,ZA,332
2023-11-11,ZA,319
2023-11-12,ZA,337
2023-11-13,ZA,284
2023-11-14,ZA,319
2023-11-15,ZA,333
2023-11-16,ZA,271
2023-11-17,ZA,334
2023-11-18,ZA,359
2023-11-19,ZA,282
2023-11-20,ZA,646
2023-11-21,ZA,960
2023-11-22,ZA,549
2023-11-23,ZA,446
2023-11-24,ZA,385
2023-11-25,ZA,374
2023-11-26,ZA,350
2023-11-27,ZA,302
2023-11-28,ZA,361
2023-11-29,ZA,301
2023-11-30,ZA,304
2023-12-01,ZA,266
2023-12-02,ZA,242
2023-12-03,ZA,257
2023-12-04,ZA,257
2023-12-05,ZA,321
2023-12-06,ZA,273
2023-12-07,ZA,0
2023-11-10,ZM,25
2023-11-11,ZM,10
2023-11-12,ZM,17
2023-11-13,ZM,0
2023-11-14,ZM,0
2023-11-15,ZM,0
2023-11-16,ZM,0
2023-11-17,ZM,19
2023-11-18,ZM,17
2023-11-19,ZM,0
2023-11-20,ZM,49
2023-11-21,ZM,58
2023-11-22,ZM,11
2023-11-23,ZM,0
2023-11-24,ZM,18
2023-11-25,ZM,31
2023-11-26,ZM,32
2023-11-27,ZM,11
2023-11-28,ZM,13
2023-11-29,ZM,0
2023-11-30,ZM,0
2023-12-01,ZM,0
2023-12-02,ZM,11
2023-12-03,ZM,0
2023-12-04,ZM,0
2023-12-05,ZM,0
2023-12-06,ZM,15
2023-12-07,ZM,0
2023-11-10,ZW,18
2023-11-11,ZW,0
2023-11-12,ZW,12
2023-11-13,ZW,11
2023-11-14,ZW,20
2023-11-15,ZW,0
2023-11-16,ZW,14
2023-11-17,ZW,13
2023-11-18,ZW,13
2023-11-19,ZW,12
2023-11-20,ZW,10
2023-11-21,ZW,39
2023-11-22,ZW,13
2023-11-23,ZW,20
2023-11-24,ZW,0
2023-11-25,ZW,29
2023-11-26,ZW,12
2023-11-27,ZW,12
2023-11-28,ZW,0
2023-11-29,ZW,0
2023-11-30,ZW,13
2023-12-01,ZW,14
2023-12-02,ZW,0
2023-12-03,ZW,0
2023-12-04,ZW,0
2023-12-05,ZW,11
2023-12-06,ZW,16
2023-12-07,ZW,0
